T,mu,phi,Phi1,Phi2,mass,pressure,rho,entropy,energy,converged
50.00000000000001,0.0,-3.92172505239019,0.00010067563988748768,0.00010067563988748766,1.5310446410773404,18.273280236851733,1.714183590000456e-16,1.4350528632269886e-6,-18.273279873234223,1.0
51.00000000000001,0.0,-3.92172490949783,0.00011577941989900907,0.00011577941989900904,1.5310445862152748,18.273280245197856,1.1218134800302636e-16,1.8761506820194275e-6,-18.273279760306128,1.0
52.00000000000001,0.0,-3.921724727745878,0.0001325590224944963,0.00013255902249449634,1.5310445164334647,18.273280256060275,3.637267285427275e-17,2.4317483066178975e-6,-18.27327961525091,1.0
53.00000000000001,0.0,-3.921724498404461,0.00015113287974916046,0.00015113287974916046,1.5310444283801645,18.2732802700787,4.5737459272159797e-17,3.126175235570631e-6,-18.273279430432993,1.0
54.0,0.0,-3.9217242111963166,0.00017162235695949562,0.00017162235695949562,1.5310443181095237,18.273280288027095,-1.0375189676331109e-16,3.987775510863408e-6,-18.273279196759283,1.0
55.0,0.0,-3.9217238540979613,0.00019415155645813228,0.00019415155645813228,1.5310441810052489,18.27328031083389,-3.3417673406987257e-17,5.049370599699705e-6,-18.27327890346865,1.0
56.0,0.0,-3.9217234131279577,0.0002188471197525552,0.0002188471197525552,1.531044011699309,18.273280339605652,9.551096562514337e-18,6.348744617947008e-6,-18.27327853790445,1.0
57.0,0.0,-3.9217228721196116,0.0002458380289255857,0.00024583802892558563,1.5310438039846668,18.273280375654362,-6.8566115640447565e-18,7.929156715974246e-6,-18.273278085268043,1.0
58.0,0.0,-3.9217222124801063,0.0002752554083018382,0.00027525540830183816,1.5310435507227997,18.273280420527396,1.512292165677248e-16,9.83988673802694e-6,-18.27327752834967,1.0
59.0,0.0,-3.9217214129364337,0.0003072323273266051,0.0003072323273266051,1.5310432437461534,18.273280476036568,-1.0703995247945796e-16,1.2136773154615983e-5,-18.27327684724411,1.0
60.000000000000014,0.0,-3.921720449267005,0.0003419036055458074,0.0003419036055458073,1.531042873755095,18.273280544295602,6.139989805709695e-17,1.4882808660988469e-5,-18.273276019040853,1.0
61.00000000000001,0.0,-3.921719294021916,0.0003794056205159299,0.0003794056205159299,1.5310424302105141,18.27328062775603,3.0107191425371087e-17,1.8148724524261956e-5,-18.273275017498108,1.0
62.00000000000001,0.0,-3.921717916229298,0.0004198761194156492,0.00041987611941564915,1.5310419012210768,18.273280729249638,5.989366120086197e-17,2.2013607520371592e-5,-18.273273812695308,1.0
63.00000000000001,0.0,-3.921716281091908,0.00046345403506996123,0.000463454035069961,1.5310412734267362,18.273280852030993,1.6051111878258155e-16,2.656552205736618e-5,-18.273272370665314,1.0
64.00000000000001,0.0,-3.9217143496711424,0.0005102793070411727,0.0005102793070411727,1.5310405318774127,18.273280999824443,7.871503978096413e-17,3.190214314339816e-5,-18.273270653008648,1.0
65.00000000000001,0.0,-3.9217120785627326,0.0005604927083804055,0.0005604927083804055,1.5310396599084792,18.273281176875965,1.586241395155613e-16,3.8131410112808884e-5,-18.27326861648648,1.0
66.00000000000001,0.0,-3.9217094195622075,0.0006142356785777793,0.0006142356785777793,1.5310386390123203,18.273281388006055,-2.512048327708777e-16,4.5372173120738053e-5,-18.273266212597218,1.0
67.0,0.0,-3.9217063193216934,0.0006716501631917567,0.0006716501631917567,1.5310374487065634,18.273281638665363,1.277012776317137e-16,5.375484751401066e-5,-18.273263387133497,1.0
68.0,0.0,-3.9217027189998466,0.0007328784605822576,0.0007328784605822576,1.531036066399674,18.273281934997186,1.8371576811037478e-17,6.342207942781905e-5,-18.27326007972226,1.0
69.0,0.0,-3.921698553904926,0.0007980630761189897,0.0007980630761189897,1.5310344672539178,18.273282283899462,6.979701729525329e-17,7.452940151458339e-5,-18.273256223347573,1.0
70.0,0.0,-3.9216937531319687,0.0008673465841841815,0.0008673465841841813,1.531032624046056,18.273282693092824,5.47019781924212e-17,8.724589148129788e-5,-18.273251743858527,1.0
71.0,0.0,-3.9216882391953516,0.0009408714982380003,0.0009408714982380003,1.5310305070262735,18.27328317119031,-3.1203397660626913e-17,0.00010175482369018466,-18.27324655946132,1.0
72.0,0.0,-3.921681927657205,0.001018780149167836,0.001018780149167836,1.5310280837755108,18.27328372777084,-5.3620684231947214e-17,0.00011825431914254218,-18.27324058019582,1.0
73.0,0.0,-3.921674726752731,0.0011012145720962784,0.0011012145720962784,1.5310253190616083,18.273284373456413,-1.0945839407490727e-16,0.00013695798452846775,-18.27323370740021,1.0
74.0,0.0,-3.9216665370134485,0.0011883164017797636,0.0011883164017797636,1.5310221746946564,18.27328511999233,-6.080571225661899e-17,0.00015809554352201328,-18.273225833162044,1.0
75.0,0.0,-3.9216572508886656,0.0012802267766894692,0.0012802267766894692,1.531018609381663,18.27328598032988,6.547873479649824e-17,0.00018191345493629707,-18.27321683975764,1.0
76.0,0.0,-3.9216467523668457,0.0013770862518277009,0.0013770862518277009,1.53101457858118,18.273286968713403,-1.2418736444926129e-17,0.00020867552398747962,-18.27320659907968,1.0
77.0,0.0,-3.9216349165966364,0.001479034720298923,0.001479034720298923,1.5310100343578033,18.273288100768617,5.4184044554437844e-17,0.00023866349170128861,-18.273194972056,1.0
78.0,0.0,-3.921621609509028,0.0015862113436211733,0.0015862113436211735,1.5310049252371027,18.27328939359635,2.675557888218947e-17,0.00027217762130396815,-18.273181808057092,1.0
79.0,0.0,-3.9216066874405007,0.0016987544907358513,0.0016987544907358513,1.5309991960609333,18.27329086586705,-8.600282259760508e-17,0.00030953726103953697,-18.273166944295966,1.0
80.0,0.0,-3.921589996758883,0.0018168016856447502,0.0018168016856447504,1.5309927878437881,18.273292537918724,-7.17026247151616e-17,0.0003510813930238268,-18.273150205219988,1.0
81.0,0.0,-3.9215713734911435,0.0019404895635823528,0.0019404895635823528,1.530985637629893,18.273294431858584,-1.365252552510654e-16,0.0003971691697646106,-18.273131401894812,1.0
82.0,0.0,-3.9215506429551037,0.0020699538356068093,0.002069953835606809,1.5309776783518048,18.27329657166578,-2.9166115295774027e-17,0.0004481804311217253,-18.273110331381222,1.0
83.0,0.0,-3.9215276193930273,0.0022053292614794035,0.0022053292614794035,1.5309688386897338,18.273298983297423,5.857140812245501e-17,0.0005045162053356858,-18.273086776106204,1.0
84.0,0.0,-3.9215021056116286,0.0023467496306775137,0.0023467496306775137,1.5309590429333269,18.27330169479902,3.302684673660041e-17,0.000566599196948161,-18.27306050322884,1.0
85.0,0.0,-3.9214738926233284,0.002494347751385624,0.002494347751385624,1.5309482108439323,18.273304736412747,-5.399829551235213e-17,0.0006348742534073165,-18.273031263998316,1.0
86.0,0.0,-3.9214427592941834,0.0026482554472821397,0.0026482554472821397,1.530936257519426,18.27330814069233,2.9330238374426436e-17,0.0007098088212629913,-18.272998793108947,1.0
87.0,0.0,-3.921408471994796,0.002808603561944991,0.002808603561944991,1.5309230932601812,18.27331194261919,-4.98096407527353e-18,0.0007918933886721248,-18.2729628080486,1.0
88.0,0.0,-3.9213707842569616,0.0029755219706807585,0.0029755219706807585,1.5309086234372418,18.273316179719433,-5.364443061742305e-17,0.0008816419078575012,-18.272923008443442,1.0
89.0,0.0,-3.9213294364336067,0.003149139599586079,0.0031491395995860787,1.5308927483617596,18.273320892183644,8.118677610973637e-17,0.0009795922102616376,-18.272879075395963,1.0
90.0,0.0,-3.921284155365234,0.003329584451636826,0.0033295844516368278,1.5308753631569287,18.27332612298968,-5.512999098696278e-17,0.0010863064089274431,-18.272830670819186,1.0
91.0,0.0,-3.921234654048445,0.0035169836396129117,0.0035169836396129117,1.5308563576307188,18.27333191802601,2.8211783972951184e-17,0.0012023712895804213,-18.272777436764407,1.0
92.0,0.0,-3.9211806313110187,0.003711463425649826,0.003711463425649826,1.530835616151124,18.27333832621874,-1.63623892725926e-17,0.0013283986939514126,-18.27271899474434,1.0
93.0,0.0,-3.92112177148933,0.003913149267226117,0.003913149267226117,1.5308130175223122,18.273345399658137,-3.4883342897999717e-17,0.0014650258925302628,-18.27265494504908,1.0
94.0,0.0,-3.92105774411084,0.004122165869386036,0.004122165869386037,1.5307884348627188,18.27335319372944,-5.432673375562052e-17,0.001612915955465158,-18.272584866055933,1.0
95.0,0.0,-3.920988203578928,0.004338637243009796,0.004338637243009796,1.5307617354840428,18.273361767244385,8.923418066440319e-18,0.0017727581193161277,-18.272508313530633,1.0
96.0,0.0,-3.920912788861525,0.004562686768944067,0.004562686768944067,1.5307327807717,18.27337118257413,8.675035316250112e-17,0.001945268145739535,-18.27242481992278,1.0
97.0,0.0,-3.92083112318188,0.004794437267814131,0.004794437267814131,1.5307014260660956,18.273381505785537,5.879237802181626e-17,0.002131188689735327,-18.27233389364899,1.0
98.0,0.0,-3.920742813711364,0.005034011075346911,0.00503401107534691,1.5306675205446802,18.2733928067775,6.111247073295836e-17,0.002331289660314165,-18.27223501836869,1.0
99.00000000000001,0.0,-3.9206474512635237,0.005281530123041914,0.005281530123041914,1.5306309071044844,18.27340515942101,7.232869480071987e-18,0.0025463685921621668,-18.272127652247118,1.0
99.99999999999999,0.0,-3.92054460998937,0.005537116024033932,0.005537116024033932,1.5305914222451276,18.27341864169864,2.0348194004357157e-17,0.0027772510179305643,-18.2720112272062,1.0
100.99999999999999,0.0,-3.9204338470725415,0.00580089016400669,0.00580089016400669,1.5305488959517797,18.273433335848722,-7.211179094168322e-17,0.003024790853450187,-18.271885148162113,1.0
101.99999999999999,0.0,-3.920314702423285,0.0060729737970245425,0.0060729737970245425,1.5305031515776681,18.273449328509663,1.5782230896121166e-16,0.0032898707953263997,-18.271748792244914,1.0
102.99999999999999,0.0,-3.920186698371883,0.006353488146156552,0.00635348814615655,1.5304540057263714,18.27346671086672,-9.129622958814349e-17,0.0035734027241014934,-18.271601508005613,1.0
104.00000000000001,0.0,-3.9200493393594376,0.006642554508785813,0.006642554508785813,1.5304012681331003,18.273485578801395,8.937009779625741e-17,0.0038763281315669054,-18.271442614600904,1.0
105.00000000000001,0.0,-3.91990211162485,0.006940294366508605,0.006940294366508606,1.5303447415445155,18.273506033041528,1.0116539470818468e-16,0.004199618564401044,-18.271271400956888,1.0
106.00000000000001,0.0,-3.91974448288881,0.00724682949953102,0.00724682949953102,1.5302842215973993,18.273528179316823,-1.0352458288421418e-16,0.0045442760890357006,-18.271087124913347,1.0
107.0,0.0,-3.919575902032224,0.0075622821054977364,0.0075622821054977364,1.5302194966951914,18.273552128512055,-9.142146903937191e-17,0.00491133377687332,-18.270889012340536,1.0
108.0,0.0,-3.919395798768194,0.007886774922693098,0.007886774922693098,1.5301503478820475,18.27357799682808,-8.47583928196878e-17,0.005301856224838198,-18.27067625622968,1.0
109.0,0.0,-3.9192035833074232,0.008220431357568177,0.008220431357568177,1.5300765487143766,18.27360590594092,-3.9804600886288085e-17,0.005716940096797639,-18.27044801575417,1.0
110.0,0.0,-3.918998646015059,0.008563375616564126,0.008563375616564126,1.5299978651290889,18.273635983167416,1.0479421550877865e-16,0.006157714707991075,-18.27020341529695,1.0
111.0,0.0,-3.918780357057911,0.008915732842219784,0.008915732842219784,1.5299140553081483,18.273668361630268,1.260339980354376e-16,0.006625342631659023,-18.26994154344695,1.0
112.0,0.0,-3.918548066042475,0.00927762925355105,0.00927762925355105,1.5298248695395953,18.273703180430374,-1.1541392175483513e-16,0.007121020361632088,-18.269661451952683,1.0
113.0,0.0,-3.9183011016378844,0.00964919229074044,0.009649192290740438,1.5297300500727844,18.273740584819173,-3.4967423123406347e-17,0.00764597900314145,-18.2693621546395,1.0
114.0,0.0,-3.9180387711899334,0.010030550764131273,0.010030550764131273,1.5296293309701907,18.273780726376252,3.104772474806265e-17,0.008201485017331152,-18.26904262628009,1.0
115.0,0.0,-3.9177603603169517,0.010421835007607488,0.010421835007607488,1.5295224379522505,18.273823763189785,4.2473187148500993e-17,0.008788841012032263,-18.268701801418217,1.0
116.0,0.0,-3.9174651324921244,0.010823177036394719,0.010823177036394719,1.529409088236998,18.2738698600435,2.164466769343002e-18,0.00940938658811072,-18.268338573142266,1.0
117.0,0.0,-3.917152328606629,0.011234710709376945,0.011234710709376945,1.5292889903723352,18.27391918860443,9.947943381054746e-18,0.010064499236710432,-18.267951791803664,1.0
118.0,0.0,-3.916821166516616,0.011656571896005894,0.011656571896005894,1.5291618440621007,18.273971927619204,-5.982867311763577e-17,0.010755595304648613,-18.267540263675816,1.0
119.0,0.0,-3.916470840565662,0.012088898647942369,0.012088898647942369,1.529027339982719,18.274028263111507,2.006667046808785e-16,0.011484131017508956,-18.267102749550045,1.0
120.0,0.0,-3.916100521090197,0.012531831375519028,0.012531831375519026,1.5288851595933164,18.274088388589156,9.849128876607071e-17,0.01225160357567066,-18.266637963265687,1.0
121.0,0.0,-3.9157093538964833,0.012985513029215173,0.012985513029215173,1.5287349749349104,18.2741525052527,-3.736809832507216e-17,0.013059552319153452,-18.266144570166208,1.0
122.0,0.0,-3.915296459715474,0.013450089286271604,0.013450089286271604,1.5285764484211097,18.274220822213838,-1.8574271427412763e-17,0.013909559974507664,-18.265621185478977,1.0
123.0,0.0,-3.91486093362902,0.013925708742650884,0.013925708742650884,1.5284092326178111,18.27429355671638,1.8706130424574925e-16,0.014803253976775448,-18.265066372612882,1.0
124.0,0.0,-3.914401844466889,0.014412523110538993,0.014412523110538993,1.5282329700116914,18.27437093436844,-1.2266218791978477e-16,0.01574230788722225,-18.264478641366793,1.0
125.00000000000001,0.0,-3.913918234173245,0.014910687421610369,0.014910687421610369,1.5280472927669744,18.2744531893797,1.4923588741151297e-16,0.01672844289475798,-18.263856446046983,1.0
126.00000000000001,0.0,-3.913409038662986,0.015420362452662963,0.015420362452662966,1.527851792339027,18.274540564805086,1.0679235749827692e-17,0.017763432179953624,-18.263198181717495,1.0
127.00000000000001,0.0,-3.912873392944122,0.015941706207833133,0.015941706207833133,1.5276461366229879,18.274633312800876,-2.012565951746354e-16,0.01884909185845403,-18.262502188967584,1.0
128.00000000000003,0.0,-3.912310183038094,0.016474887047888284,0.016474887047888284,1.5274298979181402,18.274731694885617,9.209925046588427e-17,0.019987298537653905,-18.261766741696444,1.0
129.00000000000003,0.0,-3.911718336253155,0.017020075439393937,0.017020075439393937,1.527202664375417,18.274835982213023,2.2100477520058365e-17,0.021179981001607277,-18.260990051289152,1.0
130.00000000000003,0.0,-3.9110967492956252,0.017577446280452044,0.017577446280452047,1.5269640123964514,18.2749464558535,1.461387105272395e-16,0.022429124761382188,-18.260170262578377,1.0
131.00000000000003,0.0,-3.910444287401341,0.018147179144431175,0.01814717914443117,1.5267135063001054,18.275063407088965,1.8442095111395416e-16,0.02373677423833961,-18.259305451252434,1.0
132.00000000000003,0.0,-3.9097597834204194,0.018729458531628745,0.018729458531628745,1.526450697971073,18.27518713771423,1.1363626466705148e-16,0.025105035074763606,-18.25839362111833,1.0
133.00000000000003,0.0,-3.9090420368507353,0.019324474129284227,0.019324474129284227,1.5261751264887955,18.27531796035656,1.6128172604483483e-17,0.02653607659773646,-18.257432701209453,1.0
134.0,0.0,-3.9082898128177264,0.019932421080374574,0.019932421080374574,1.525886317735767,18.275456198802466,-1.7723484744392877e-16,0.028032134427119992,-18.256420542727696,1.0
135.0,0.0,-3.9075018409974236,0.020553500261659884,0.020553500261659884,1.525583783984043,18.275602188341963,8.58809824233072e-18,0.02959551325132151,-18.255354915809008,1.0
136.0,0.0,-3.9066768144790207,0.021187918571471245,0.02118791857147125,1.5252670234585353,18.27575627612584,-4.453838791285104e-17,0.03122858976955584,-18.254233506102732,1.0
137.0,0.0,-3.9058133885639617,0.02183588922776922,0.02183588922776922,1.524935519875935,18.27591882153775,-4.303523530401224e-17,0.032933815815270516,-18.253053911150623,1.0
138.0,0.0,-3.9049101794971315,0.022497632077035448,0.022497632077035448,1.524588741957564,18.27609019658385,-2.657733222712086e-17,0.034713721672577504,-18.251813636553365,1.0
139.0,0.0,-3.9039657631265436,0.02317337391459205,0.023173373914592045,1.5242261429147788,18.276270786299385,-3.1158106538072058e-18,0.03657091959468569,-18.250510091910993,1.0
140.0,0.0,-3.902978673488033,0.0238633488169715,0.0238633488169715,1.5238471599055743,18.276460989172634,7.137526504592872e-17,0.03850810753489777,-18.24914058652283,1.0
141.0,0.0,-3.9019474013083872,0.024567798487029807,0.024567798487029804,1.523451213459879,18.27666121759006,2.148811043266166e-17,0.04052807310837924,-18.24770232483031,1.0
142.0,0.0,-3.9008703924247996,0.025286972612487957,0.025286972612487957,1.5230377068727186,18.27687189830045,-1.583261419386362e-16,0.042633697793155664,-18.24619240158617,1.0
143.0,0.0,-3.899746046113656,0.026021129238676038,0.026021129238676038,1.5226060255625713,18.277093472902173,-1.3562826889511295e-16,0.04482796138964126,-18.244607796731703,1.0
144.0,0.0,-3.8985727133243637,0.026770535156267674,0.026770535156267674,1.5221555363932642,18.277326398353658,1.2390464585614488e-16,0.047113946751083574,-18.242945369963874,1.0
145.0,0.0,-3.897348694812287,0.02753546630485808,0.027535466304858074,1.5216855869571333,18.277571147507192,-1.8799184291043345e-16,0.049494844801906135,-18.241201854970445,1.0
146.0,0.0,-3.8960722391641234,0.028316208193282087,0.028316208193282087,1.5211955048168861,18.27782820967118,-1.7910631725235387e-16,0.05197395986635829,-18.239373853311335,1.0
147.0,0.0,-3.89474154071107,0.02911305633761444,0.02911305633761444,1.520684596704384,18.27809809119787,3.0430224376129105e-17,0.05455471532160414,-18.237457827921755,1.0
148.0,0.0,-3.893354737320048,0.029926316717877644,0.02992631671787764,1.5201521476726048,18.278381316102635,6.106169413636137e-17,0.05724065959965811,-18.235450096213366,1.0
149.0,0.0,-3.891909908058793,0.030756306254501924,0.030756306254501924,1.5195974201991778,18.278678426713114,2.6303743966559647e-17,0.060035472560041964,-18.23334682274288,1.0
150.0,0.0,-3.890405070725097,0.03160335330567283,0.03160335330567283,1.5190196532377618,18.278989984352528,3.9224123312514335e-17,0.06294297225312899,-18.231144011424085,1.0
151.0,0.0,-3.8888381792317954,0.03246779818677332,0.03246779818677332,1.5184180612140383,18.279316570057627,3.282742651207617e-17,0.06596712210843064,-18.228837497243696,1.0
152.0,0.0,-3.8872071208399284,0.03334999371316021,0.03334999371316021,1.51779183296341,18.279658785335386,-1.0896654368874026e-16,0.069112038567681,-18.226422937454743,1.0
153.0,0.0,-3.8855097132294505,0.03425030576762841,0.03425030576762841,1.5171401306063312,18.28001725295744,1.137998506981775e-16,0.07238199919614921,-18.223895802204837,1.0
154.0,0.0,-3.8837437013979645,0.03516911389396819,0.03516911389396819,1.5164620883576079,18.280392617799873,-2.5893417563297565e-17,0.07578145130414393,-18.221251364564996,1.0
155.0,0.0,-3.88190675437505,0.03610681191812944,0.03610681191812945,1.5157568112648976,18.280785547724648,-2.7221037821383818e-17,0.07931502111012312,-18.21848468991251,1.0
156.0,0.0,-3.8799964617439033,0.03706380859853352,0.03706380859853352,1.5150233738732284,18.281196734512335,3.005499347593486e-17,0.08298752349160846,-18.215590624621843,1.0
157.0,0.0,-3.8780103299533426,0.03804052830725949,0.03804052830725949,1.5142608188090307,18.281626894842862,1.517175378185368e-18,0.08680397234967531,-18.212563784018865,1.0
158.0,0.0,-3.8759457784114053,0.03903741174380987,0.03903741174380987,1.5134681552803146,18.28207677133252,-1.9119042319978464e-18,0.09076959164417536,-18.20939853953918,1.0
159.0,0.0,-3.8738001353416274,0.04005491668338678,0.04005491668338678,1.5126443574857293,18.28254713362767,-1.4407339861365695e-16,0.09488982713631355,-18.206089005037622,1.0
160.0,0.0,-3.871570633390536,0.04109351876158819,0.04109351876158819,1.5117883629281057,18.28303877956028,4.7556932020830245e-17,0.09917035889565412,-18.202629022182766,1.0
161.0,0.0,-3.8692544049677813,0.04215371229764097,0.04215371229764097,1.510899070625347,18.283552536368674,3.785196029555483e-17,0.10361711461850186,-18.19901214487433,1.0
162.0,0.0,-3.866848477301292,0.04323601115835391,0.04323601115835391,1.509975339211906,18.28408926198746,1.246578548873255e-17,0.10823628382344994,-18.195231622604705,1.0
163.0,0.0,-3.8643497671888656,0.04434094966510047,0.04434094966510047,1.5090159849237121,18.284649846413046,7.652371492571032e-17,0.11303433298098262,-18.19128038269288,1.0
164.0,0.0,-3.861755075426078,0.04546908354625849,0.04546908354625849,1.5080197794588235,18.28523521314701,6.974283104777485e-17,0.11801802164692721,-18.1871510113019,1.0
165.0,0.0,-3.859061080887485,0.04662099093768625,0.046620990937686256,1.5069854477049651,18.285846320725575,6.611696204665193e-18,0.12319441967707778,-18.182835733147822,1.0
166.0,0.0,-3.8562643342384777,0.04779727343391486,0.04779727343391486,1.505911665325259,18.286484164336013,-7.469398868032498e-17,0.12857092559206082,-18.178326389804607,1.0
167.0,0.0,-3.853361251252135,0.04899855719288302,0.04899855719288302,1.5047970561922988,18.287149777533642,-5.962832436599354e-17,0.13415528619095418,-18.17361441649432,1.0
168.0,0.0,-3.8503481057034312,0.050225494097189446,0.050225494097189446,1.5036401896599525,18.287844234058362,-1.178632918100196e-16,0.13995561749605243,-18.16869081724725,1.0
169.0,0.0,-3.8472210218118,0.0514787629749637,0.0514787629749637,1.5024395776617625,18.288568649760364,-9.841710530221576e-18,0.14598042712820583,-18.163546138309158,1.0
170.0,0.0,-3.8439759662011386,0.05275907088357838,0.05275907088357838,1.50119367162407,18.289324184647864,5.1992803212799253e-17,0.1522386382335016,-18.158170439653716,1.0
171.0,0.0,-3.8406087393409236,0.05406715445963576,0.05406715445963576,1.4999008591799197,18.2901120450535,1.131596896532171e-16,0.15873961505833928,-18.152553264457666,1.0
172.0,0.0,-3.8371149664360558,0.0554037813386717,0.05540378133867172,1.4985594606713084,18.29093348594045,-1.0441218118665206e-16,0.1654931903149972,-18.146683606377383,1.0
173.0,0.0,-3.83349008772079,0.056769751648311335,0.056769751648311335,1.497167725422638,18.29178981334883,6.225743237082925e-17,0.17250969446495243,-18.14054987445238,1.0
174.0,0.0,-3.8297293481197108,0.05816589957857128,0.05816589957857128,1.4957238277711526,18.292682386997114,3.495942818069294e-17,0.17979998707159944,-18.13413985544865,1.0
175.0,0.0,-3.8258277862263776,0.059593095033245676,0.059593095033245676,1.494225862835401,18.29361262304672,1.2926358491498534e-18,0.1873754903757313,-18.127440673440713,1.0
176.0,0.0,-3.8217802225532154,0.06105224536632561,0.06105224536632561,1.4926718420039027,18.294581997045682,-1.0582297444152066e-16,0.19524822527530533,-18.12043874640739,1.0
177.0,0.0,-3.8175812469979444,0.06254429720753117,0.06254429720753117,1.4910596881230116,18.29559204705535,-3.407063942605304e-17,0.20343084987870164,-18.113119739608283,1.0
178.0,0.0,-3.8132252054725653,0.06407023838102008,0.06407023838102008,1.4893872303632498,18.296644376986944,-3.129934518118407e-17,0.211936700853099,-18.10546851547652,1.0
179.0,0.0,-3.8087061856304727,0.06563109992146275,0.06563109992146277,1.4876521987393794,18.29774066014919,1.195242165827963e-16,0.22077983776348525,-18.097469079752578,1.0
180.0,0.0,-3.804018001631202,0.06722795819147921,0.06722795819147921,1.4858522182609817,18.29888264303068,-8.869229170487175e-17,0.22997509064588745,-18.089104523554372,1.0
181.0,0.0,-3.7991541778686293,0.06886193710452207,0.06886193710452207,1.483984802685066,18.30007214933335,7.569911140639478e-17,0.23953811106785433,-18.080356961053404,1.0
182.0,0.0,-3.7941079315889876,0.07053421045703939,0.07053421045703939,1.482047347842433,18.301311084272445,-2.3105970127868547e-17,0.24948542693729253,-18.071207462407614,1.0
183.0,0.0,-3.78887215432009,0.07224600437351424,0.07224600437351424,1.4800371245076154,18.302601439164096,7.090485345551844e-17,0.2598345013582466,-18.06163598156232,1.0
184.0,0.0,-3.7834393920220766,0.07399859986773867,0.07399859986773868,1.477951270777958,18.303945296324397,-3.6378510523553014e-17,0.27060379584223737,-18.05162127851174,1.0
184.99999999999997,0.0,-3.7778018238713797,0.07579333552310256,0.07579333552310256,1.475786783927939,18.305344834297717,7.162742410369958e-17,0.28181283821152586,-18.041140835569028,1.0
185.99999999999997,0.0,-3.7719512395777137,0.07763161029419097,0.07763161029419097,1.4735405117002587,18.306802333442793,5.271910993346453e-17,0.2934822955495704,-18.030170767171978,1.0
186.99999999999997,0.0,-3.765879015129887,0.07951488643115424,0.07951488643115424,1.4712091429936898,18.308320181904158,-1.0668934165697245e-16,0.3056340525882324,-18.018685722703836,1.0
187.99999999999997,0.0,-3.759576086861252,0.0814446925273177,0.0814446925273177,1.4687891979057734,18.30990088199149,-5.756714663329982e-18,0.3182912959301696,-18.006658781779297,1.0
188.99999999999997,0.0,-3.7530329237148887,0.08342262668932234,0.08342262668932232,1.4662770170843176,18.311547057005463,-2.2921650938000002e-17,0.3314786045508671,-17.994061341401583,1.0
189.99999999999997,0.0,-3.7462394975875255,0.08545035982747043,0.08545035982747043,1.4636687503412478,18.31326145853539,-1.5274445800907493e-17,0.3452220470277321,-17.980862994362333,1.0
190.99999999999997,0.0,-3.7391852516194533,0.0875296390621299,0.08752963906212989,1.460960344477843,18.315046974270995,-4.952145793871019e-17,0.3595492859911858,-17.967031398208984,1.0
191.99999999999997,0.0,-3.7318590662954567,0.08966229123969222,0.08966229123969223,1.458147530269534,18.316906636360123,8.888710993225519e-17,0.3744896902955519,-17.952532134070832,1.0
192.99999999999997,0.0,-3.7242492232158706,0.09185022654873878,0.09185022654873878,1.455225808556168,18.318843630358817,1.800573018377949e-17,0.39007445544662245,-17.937328554591332,1.0
193.99999999999997,0.0,-3.7163433663892786,0.09409544222373628,0.09409544222373628,1.4521904353807369,18.320861304809274,6.115354010138977e-17,0.40633673282188254,-17.921381620182277,1.0
194.99999999999997,0.0,-3.708128460898202,0.09640002631942635,0.09640002631942636,1.449036406119488,18.32296318150048,5.432868496619307e-17,0.4233117682565669,-17.90464972277636,1.0
195.99999999999997,0.0,-3.699590748787127,0.09876616153413707,0.09876616153413709,1.4457584385455822,18.325152966452983,-3.304739865426527e-18,0.4410370505510536,-17.88708849623555,1.0
196.99999999999997,0.0,-3.690715702016338,0.10119612905457138,0.1011961290545714,1.4423509547661975,18.327434561684882,6.835610149649082e-17,0.4595524704703811,-17.868650612550613,1.0
197.99999999999997,0.0,-3.6814879723401157,0.10369231238734403,0.10369231238734401,1.438808061978774,18.329812077808718,7.170458467455196e-17,0.47890049078415,-17.849285562959167,1.0
198.99999999999997,0.0,-3.6718913379582707,0.1062572011347733,0.10625720113477331,1.4351235319884137,18.33228984752295,-1.0782660078092843e-16,0.4991263278739053,-17.828939423122673,1.0
200.00000000000003,0.0,-3.6619086468154096,0.10889339466234331,0.10889339466234331,1.4312907794382115,18.33487244004929,-7.034759474975859e-17,0.5202781453761246,-17.807554601528917,1.0
201.00000000000003,0.0,-3.651521756428808,0.11160360559421169,0.11160360559421169,1.4273028387067797,18.337564676586922,-1.8837951001094826e-16,0.542407260272018,-17.785069570345218,1.0
202.00000000000003,0.0,-3.640711470153378,0.11439066305974255,0.11439066305974255,1.4231523394378325,18.34037164684066,6.65511412266332e-17,0.5655683617207122,-17.761418578034174,1.0
203.00000000000003,0.0,-3.6294574698237656,0.1172575155987397,0.1172575155987397,1.418831480678805,18.34329872669257,-2.722820528547323e-17,0.5898197428054208,-17.73653134317511,1.0
204.00000000000003,0.0,-3.6177382447532134,0.1202072336152533,0.1202072336152533,1.4143320036206897,18.346351597079174,-1.2249305201632213e-16,0.6152235451625181,-17.710332729126232,1.0
205.00000000000003,0.0,-3.605531017128753,0.1232430112493541,0.1232430112493541,1.409645162954282,18.34953626414113,-4.165014616147847e-17,0.6418460162380335,-17.68274239940289,1.0
206.00000000000003,0.0,-3.59281166390538,0.12636816751307506,0.12636816751307506,1.4047616968822432,18.352859080708996,-1.4534506901492795e-16,0.6697577786012062,-17.653674453982962,1.0
207.00000000000003,0.0,-3.579554635399238,0.1295861465100028,0.1295861465100028,1.399671795863783,18.356326769178256,-1.7261318813969367e-16,0.699034110347466,-17.623037047179952,1.0
208.00000000000003,0.0,-3.565732870879438,0.1329005165285666,0.13290051652856663,1.3943650702070003,18.3599464458354,-2.2708989868334513e-16,0.7297552351565959,-17.59073198826396,1.0
209.00000000000003,0.0,-3.5513177116055474,0.13631496776558824,0.13631496776558824,1.388830516680511,18.363725646670982,-9.630088358925274e-17,0.7620066199503392,-17.55665432670128,1.0
210.00000000000003,0.0,-3.5362788119125272,0.13983330840049737,0.13983330840049737,1.3830564843754167,18.367672354716177,-2.0911790671420697e-16,0.7958792773812449,-17.520691924725494,1.0
211.00000000000003,0.0,-3.5205840491469287,0.14345945870099483,0.14345945870099483,1.377030640126225,18.37179502891589,-1.1234464382004825e-16,0.8314700694861963,-17.482725021002306,1.0
212.00000000000003,0.0,-3.5041994335017503,0.14719744279867028,0.1471974427986703,1.3707399338928612,18.376102634534856,-3.7685879618214775e-16,0.8688820077975825,-17.44262579040022,1.0
213.0,0.0,-3.487089019066191,0.15105137772959404,0.15105137772959404,1.3641705646091278,18.380604675062642,3.403292926151791e-17,0.9082245439441903,-17.40025790640044,1.0
214.0,0.0,-3.469214817743958,0.1550254592903766,0.1550254592903766,1.357307947132516,18.385311225552805,1.670537213790397e-17,0.949613843332415,-17.35547611445395,1.0
215.0,0.0,-3.450536718063945,0.15912394421775614,0.15912394421775614,1.3501366810723918,18.39023296728599,1.4188266047184457e-16,0.9931730328109225,-17.308125826687256,1.0
216.0,0.0,-3.4310124113429463,0.1633511281609974,0.16335112816099742,1.3426405224409237,18.395381223600303,-1.1662032543561927e-17,1.039032411335649,-17.258042750745187,1.0
217.0,0.0,-3.410597328136062,0.16771131888579988,0.16771131888579988,1.3348023592538623,18.400767996668126,7.336782831184291e-17,1.0873296105234695,-17.205052568281197,1.0
218.0,0.0,-3.3892445884458313,0.1722088041295344,0.1722088041295344,1.3266041924138452,18.406406004928456,4.1373497100666493e-17,1.1382096896872982,-17.148970681602904,1.0
219.0,0.0,-3.3669049697347284,0.17684781352688145,0.17684781352688145,1.3180271234291199,18.412308720794634,8.381692422238575e-17,1.1918251474890917,-17.089602050242203,1.0
220.0,0.0,-3.343526897386502,0.1816324740488351,0.1816324740488351,1.309051350751273,18.41849040817183,-4.1906477861259214e-17,1.2483358298540095,-17.026741142637537,1.0
221.0,0.0,-3.3190564628850487,0.18656675845426407,0.1865667584542641,1.2996561767548227,18.424966159193218,-6.007752011330399e-17,1.3079087113264036,-16.960172031573823,1.0
222.0,0.0,-3.293437475584301,0.19165442635101868,0.19165442635101868,1.2898200276137408,18.43175192947784,-9.692081814862019e-17,1.3707175248371803,-16.889668665332227,1.0
223.0,0.0,-3.2666115545064907,0.19689895761199125,0.19689895761199125,1.2795204885464593,18.438864571070038,-7.44689202575673e-17,1.436942213076824,-16.814995349379814,1.0
224.0,0.0,-3.238518267100221,0.20230347809915508,0.20230347809915508,1.2687343570906198,18.446321862089512,6.010372619168484e-17,1.5067681736002212,-16.735907475597596,1.0
225.0,0.0,-3.20909532224864,0.20787067792408212,0.20787067792408212,1.2574377172065936,18.454142531972398,-2.0602587377538408e-17,1.5803852697807472,-16.652152537036667,1.0
226.0,0.0,-3.1782788250303025,0.2136027228201346,0.21360272282013457,1.2456060370903208,18.46234628105105,-5.1442350588997355e-17,1.6579865811238181,-16.563471465594795,1.0
227.0,0.0,-3.146003600744688,0.21950115962073471,0.21950115962073471,1.233214293579604,18.470953793091486,-8.643343130748053e-17,1.739766869638499,-16.46960032728325,1.0
228.0,0.0,-3.1122035954977805,0.22556681732282205,0.22556681732282202,1.2202371259548621,18.47998673929851,-4.731848612867117e-17,1.8259207443263752,-16.370272404395486,1.0
229.0,0.0,-3.0768123602265476,0.2317997057488415,0.2317997057488415,1.2066490217753965,18.489467772231365,-1.81974403007158e-16,1.9166405136678306,-16.26522068547348,1.0
230.0,0.0,-3.0397636244436357,0.23819891437903276,0.23819891437903273,1.1924245371628206,18.499420508044263,1.6526728147253504e-16,2.012113726446896,-16.154180772156227,1.0
231.0,0.0,-3.0009919653150736,0.24476251447002495,0.24476251447002495,1.1775385536866274,18.50986949549936,1.5500730659868933e-16,2.1125204143151843,-16.036894196726706,1.0
232.0,0.0,-2.9604335771047836,0.2514874680570849,0.2514874680570849,1.16196657378457,18.52084017030953,-1.8997080494229134e-16,2.218030064838991,-15.913112125700774,1.0
233.0,0.0,-2.918027145764373,0.2583695477982328,0.2583695477982328,1.1456850565524987,18.532358793549406,1.7004044037540115e-17,2.328798370744748,-15.782599403778331,1.0
234.0,0.0,-2.8737148219239272,0.2654032697093207,0.2654032697093208,1.1286717913142656,18.54445237315566,-5.203077318265598e-16,2.444963797199628,-15.645138895505466,1.0
235.0,0.0,-2.827443369556539,0.272581854784391,0.27258185478439106,1.1109063386397635,18.55714856790232,-2.1593415612028426e-16,2.56664416859073,-15.50053589056577,1.0
236.0,0.0,-2.779165323606326,0.27989719487628084,0.27989719487628084,1.0923704748044103,18.570475573672987,-8.524640588903643e-17,2.693933084053619,-15.348622799960657,1.0
237.0,0.0,-2.7288404025682507,0.28733986200540285,0.28733986200540285,1.0730487341347767,18.584461992377683,-6.796689541122867e-17,2.8268966273116822,-15.18926359034622,1.0
238.0,0.0,-2.676437022151262,0.2948991374264865,0.2948991374264865,1.0529289901641274,18.599136684394985,-4.887331702158726e-17,2.9655702267078756,-15.022358120788466,1.0
239.0,0.0,-2.621934005317498,0.30256307137144234,0.30256307137144234,1.0320031121845494,18.614528606006747,-1.0045862838166533e-16,3.109955873660645,-14.847846125872485,1.0
240.0,0.0,-2.5653225122451366,0.3103185716365664,0.3103185716365664,1.0102677062365233,18.630666633828422,-1.171219706672823e-16,3.2600197891656766,-14.665710725452797,1.0
241.0,0.0,-2.506608232788853,0.31815151949623627,0.31815151949623627,0.9877249568817775,18.64757937875025,1.0242298909638656e-16,3.4156906322966822,-14.475981332920927,1.0
242.0,0.0,-2.4458138889120513,0.32604691032614663,0.32604691032614674,0.9643835879866458,18.66529499234666,-3.2203982015491516e-16,3.576858330904342,-14.278735847366928,1.0
243.0,0.0,-2.382982093152902,0.3339890155488616,0.3339890155488616,0.9402599602009777,18.683840969079164,-1.824932586131168e-17,3.7433736014703163,-14.074102028435131,1.0
244.0,0.0,-2.3181785966242336,0.3419615622065421,0.3419615622065421,0.9153793179946025,18.703243947935007,-7.738954249387774e-18,3.9150482161304123,-13.862257961334791,1.0
245.0,0.0,-2.2514959299134274,0.3499479266995075,0.3499479266995076,0.889777187543747,18.72352951743527,-5.123634201380304e-17,4.09165607391678,-13.643431518602803,1.0
246.0,0.0,-2.183057384885049,0.3579313399964816,0.3579313399964816,0.8635009055035846,18.744722028240187,-1.022650919946023e-16,4.272935142847786,-13.417898711255667,1.0
247.0,0.0,-2.113021196925603,0.36589510279340287,0.3658951027934029,0.8366112247384961,18.766844417988278,-1.0436214186129647e-17,4.458590359623679,-13.185980794479189,1.0
248.0,0.0,-2.041584659894055,0.3738228103926047,0.37382281039260473,0.809183894215395,18.7899180534822,4.3375897015362903e-17,4.648297599991881,-12.948039956902935,1.0
249.0,0.0,-1.968987740603299,0.3816985880474861,0.381698588047486,0.7813110467470594,18.813962595996948,5.701610641526387e-17,4.841708855050076,-12.704473390567117,1.0
250.0,0.0,-1.8955155698290262,0.38950733756790046,0.38950733756790046,0.7531021553896051,18.8389958961635,1.6944214441339618e-17,5.038458749138768,-12.455705533397108,1.0
251.0,0.0,-1.8214990069801402,0.3972349944422023,0.3972349944422023,0.724684250241939,18.865033925492707,-3.226629522123498e-16,5.238172489649634,-12.202178328766117,1.0
252.0,0.0,-1.7473123662731564,0.4048687910648294,0.40486879106482937,0.6962010454335873,18.892090751792917,4.274508323096935e-17,5.440475222457995,-11.944339492180012,1.0
253.0,0.0,-1.6733674368713023,0.41239751578716133,0.4123975157871614,0.6678106432180326,18.920178565130513,-4.843748677703218e-16,5.645002562269078,-11.682629037668512,1.0
254.0,0.0,-1.6001032133190878,0.4198117502238584,0.41981175022385836,0.6396815910777037,18.949307759108056,1.4733756622333782e-16,5.851411783186297,-11.41746468948195,1.0
255.0,0.0,-1.5279713215749016,0.42710406046557065,0.42710406046557065,0.6119872861976865,18.979487068838544,2.272379116737263e-17,6.059392839705896,-11.149227229356441,1.0
256.0,0.0,-1.4574179333227995,0.4342691144283468,0.4342691144283468,0.5848990316500102,19.01072376208546,-1.4968895457823339e-16,6.268678134363293,-10.878247187834189,1.0
257.0,0.0,-1.3888638348403823,0.4413037003705397,0.4413037003705397,0.5585783840385491,19.043023874256267,-1.5915749850895232e-16,6.479049870045017,-10.604794428142807,1.0
258.0,0.0,-1.3226849837887407,0.448206632000864,0.448206632000864,0.5331696884766289,19.07639247239562,-3.4828545532768596e-17,6.690344011206535,-10.329071969221822,1.0
259.0,0.0,-1.2591960760146013,0.4549785421418101,0.4549785421418101,0.5087937692281499,19.11083392944119,-1.7629600750732561e-16,6.902450335185999,-10.051214830403163,1.0
260.0,0.0,-1.198639221901287,0.4616215852547619,0.4616215852547619,0.485543582107915,19.146352188916204,6.3838493753663e-17,7.115308679534759,-9.771293877057708,1.0
261.0,0.0,-1.141178894209708,0.4681390836375209,0.4681390836375209,0.4634822747566553,19.182951002374075,-2.5945469012161973e-17,7.3289021025588355,-9.489323835861859,1.0
262.0,0.0,-1.0869031527326247,0.4745351584131488,0.4745351584131488,0.44264365683455575,19.22063412670566,1.8129485660712924e-16,7.54324809193068,-9.20527406951295,1.0
263.0,0.0,-1.0358301320566778,0.48081438340759586,0.48081438340759586,0.423034690931383,19.259405474625037,-6.51498265964454e-17,7.758389081897901,-8.91908049343035,1.0
264.00000000000006,0.0,-0.987918154520914,0.48698148989448325,0.48698148989448325,0.40463937533386957,19.299269217750215,2.3021184288333915e-17,7.9743833887238855,-8.630657173848599,1.0
265.00000000000006,0.0,-0.9430776739777521,0.4930411370425501,0.49304113704255004,0.38742332971104143,19.34022984654423,-1.3958918070002969e-16,8.191297347717867,-8.339906544738954,1.0
266.00000000000006,0.0,-0.9011834761154588,0.4989977506479652,0.49899775064796514,0.3713384793037231,19.382292194386643,4.352413410783417e-16,8.409199059868316,-8.046727658203741,1.0
267.0,0.0,-0.8620859875234473,0.5048554237945782,0.5048554237945782,0.35632739692493004,19.42546143426845,2.2238093844596557e-16,8.628153830933039,-7.7510223076322475,1.0
268.0,0.0,-0.8256210145120054,0.5106178681413949,0.5106178681413949,0.3423270420804743,19.469743056392467,4.882788046455214e-17,8.848221160290496,-7.452699165661949,1.0
269.0,0.0,-0.7916176347227647,0.5162884030195942,0.5162884030195941,0.32927179087239616,19.51514283389767,1.0579083955617087e-16,9.069453016018276,-7.151676248437191,1.0
270.0,0.0,-0.7599042526956984,0.5218699703206278,0.5218699703206278,0.31709576097221237,19.561666782466443,8.566075127991964e-17,9.291893095360038,-6.8478820779247584,1.0
271.0,0.0,-0.7303130035549878,0.527365165163344,0.5273651651633441,0.30573450237123523,19.609321118071094,-2.6295928813621264e-16,9.515576786420755,-6.541255901834207,1.0
272.0,0.0,-0.7026827694646582,0.5327762747051796,0.5327762747051796,0.2951261555179793,19.6581122157884,-1.613656687262796e-16,9.740531591150635,-6.231747279929824,1.0
273.0,0.0,-0.6768610907748874,0.5381053197021888,0.5381053197021889,0.28521218508331375,19.70804657151706,-3.8641693729518244e-17,9.966777822489515,-5.919315281091691,1.0
274.0,0.0,-0.6527052340092834,0.5433540952852551,0.5433540952852554,0.2759377900032959,19.75913076762611,-7.806306076568369e-16,10.194329438813998,-5.603927472460471,1.0
275.0,0.0,-0.6300826414602214,0.5485242088426291,0.5485242088426292,0.26725207609671964,19.811371442972284,1.7098085487163667e-16,10.423194921279828,-5.285558827799969,1.0
276.0,0.0,-0.6088709447012631,0.5536171139154533,0.5536171139154533,0.2591080612530716,19.86477526733657,2.232800396210667e-17,10.653378132826816,-4.964190639250615,1.0
277.0,0.0,-0.5889576838747256,0.5586341396968971,0.5586341396968971,0.2514625676558531,19.91934892008689,1.3038404322723255e-16,10.884879122089014,-4.6398094845289055,1.0
278.0,0.0,-0.5702398395030475,0.5635765161573759,0.5635765161573759,0.24427604202632464,19.975099072729716,-1.22688846703067e-16,11.11769485264653,-4.31240627875143,1.0
279.0,0.0,-0.5526232548395268,0.5684453950702333,0.5684453950702333,0.23751233384095738,20.032032374950266,1.5746416762156984e-16,11.351819849614236,-3.9819754244492174,1.0
280.0,0.0,-0.5360220042089578,0.5732418673417384,0.5732418673417384,0.23113845281225676,20.090155443716153,3.2777410649487386e-17,11.587246762953992,-3.6485140631500066,1.0
281.0,0.0,-0.5203577456112725,0.5779669770993886,0.5779669770993885,0.22512432032752683,20.149474855034633,3.034562236587972e-16,11.823966851351036,-3.312021425603522,1.0
282.0,0.0,-0.505559083101624,0.5826217329939658,0.5826217329939658,0.2194425246412004,20.209997137971417,-2.4282783918106233e-16,12.061970392933894,-2.9724982741019694,1.0
283.0,0.0,-0.49156095519647847,0.5872071171443086,0.5872071171443085,0.21406808605958888,20.271728770581852,2.4075905481433095e-16,12.301247030240408,-2.629946428525219,1.0
284.0,0.0,-0.4783040589497644,0.5917240921131757,0.5917240921131757,0.20897823582078867,20.334676177439402,-1.1836654060892064e-16,12.541786057108338,-2.284368367077228,1.0
285.0,0.0,-0.46573431474490745,0.5961736062564471,0.5961736062564471,0.20415221060703576,20.39884572848794,-1.9275067355186344e-17,12.78357665494695,-1.9357668927311842,1.0
286.0,0.0,-0.45380237370711124,0.6005565977414181,0.6005565977414182,0.19957106342067005,20.464243738976347,-3.784371519801778e-16,13.026608085333745,-1.58414485687301,1.0
287.0,0.0,-0.44246316756790244,0.6048739974861427,0.6048739974861427,0.19521749075921374,20.53087647027302,-1.35530112383351e-16,13.27086984523792,-1.2295049323249998,1.0
288.0,0.0,-0.43167549949008616,0.6091267312319631,0.6091267312319631,0.1910756755167825,20.5987501313841,2.0315989388370537e-16,13.516351790476135,-0.8718494287178729,1.0
289.0,0.0,-0.42140167357047287,0.6133157209263205,0.6133157209263205,0.18713114473543185,20.667870881026143,-5.3560099126984975e-17,13.7630442323234,-0.5111801439792529,1.0
290.0,0.0,-0.4116071603126725,0.6174418855623984,0.6174418855623984,0.18337064116684554,20.73824483013196,6.468462204452194e-17,14.010938011560498,-0.14749824647745058,1.0
291.0,0.0,-0.402260295182191,0.6215061415962686,0.6215061415962685,0.17978200753563595,20.809878044679937,2.358399341679659e-17,14.260024553643081,0.21919581692314694,1.0
292.0,0.0,-0.39333200734132334,0.6255094030401032,0.6255094030401032,0.17635408238987033,20.88277654876322,-7.694614924012946e-17,14.510295908160828,0.5889023909973901,1.0
293.0,0.0,-0.38479557574974277,0.6294525813115973,0.6294525813115975,0.17307660645837708,20.95694632782555,-2.6087525519809804e-16,14.761744775284075,0.9616226640065797,1.0
294.0,0.0,-0.37662640996676566,0.6333365849043666,0.6333365849043666,0.169940138492009,21.032393332000087,5.75209410584938e-17,15.01436452148903,1.3373587042730328,1.0
295.0,0.0,-0.3688018531769443,0.6371623189312962,0.6371623189312963,0.16693597963732615,21.109123479509066,1.8178295552585545e-16,15.268149186511838,1.7161134840595373,1.0
296.0,0.0,-0.3613010051605693,0.6409306845823158,0.640930684582316,0.16405610546792443,21.187142660077303,-6.353904229153393e-17,15.523093483165448,2.0978908929403453,1.0
297.0,0.0,-0.3541045631330452,0.6446425785294176,0.6446425785294174,0.1612931048763354,21.266456738328827,3.387822443468573e-16,15.779192791405986,2.482695742528506,1.0
298.0,0.0,-0.34719467857559433,0.648298892304616,0.648298892304616,0.15864012510563374,21.347071557145156,6.1030285311698e-17,16.036443147812427,2.870533764134443,1.0
299.0,0.0,-0.3405548283650662,0.651900511670829,0.651900511670829,0.1560908222710407,21.428992940956125,1.7097909519572992e-17,16.294841231448405,3.26141160069022,1.0
300.0,0.0,-0.33416969868687213,0.6554483160009053,0.6554483160009053,0.15363931678947812,21.51222669895556,-1.441148766303292e-17,16.554384346927115,3.655336794066965,1.0
301.0,0.0,-0.3280250803730897,0.6589431776762765,0.6589431776762765,0.15128015319569998,21.596778628222772,9.070998701645781e-17,16.8150704053537,4.052317768733918,1.0
302.0,0.0,-0.3221077744551316,0.662385961513593,0.662385961513593,0.14900826388020216,21.682654516745234,7.031442577545066e-17,17.07689790371272,4.452363812557159,1.0
303.0,0.0,-0.3164055068508041,0.6657775242253117,0.6657775242253117,0.14681893633418758,21.76986014633178,3.7107011675169197e-17,17.33986590316617,4.855485055408195,1.0
304.0,0.0,-0.3109068512240017,0.6691187139181874,0.6691187139181874,0.14470778353233188,21.85840129541655,-8.423155768363855e-17,17.603974006650596,5.261692446142163,1.0
305.0,0.0,-0.3056011591615667,0.6724103696321183,0.6724103696321182,0.14267071712490048,21.948283741746025,-3.8389110405852536e-17,17.869222336088118,5.670997728415003,1.0
306.0,0.0,-0.3004784969054703,0.6756533209205432,0.6756533209205432,0.14070392314671362,22.039513264950976,-1.1561983469465933e-16,18.1356115094708,6.083413415726387,1.0
307.0,0.0,-0.2955295879628852,0.6788483874726695,0.6788483874726695,0.13880383998286894,22.132095649002803,-1.570087706916978e-17,18.403142618027758,6.498952766010227,1.0
308.0,0.0,-0.29074576099106575,0.6819963787770748,0.6819963787770748,0.13696713835967195,22.226036684554213,-7.590975609712622e-17,18.671817203645627,6.917629756042011,1.0
309.0,0.0,-0.28611890242053,0.6850980938256566,0.6850980938256566,0.13519070315478954,22.32134217116657,1.601228244614378e-16,18.941637236672662,7.339459055873679,1.0
310.0,0.0,-0.2816414133380392,0.6881543208565688,0.6881543208565688,0.13347161684290942,22.41801791942601,7.210511916216146e-17,19.21260509421642,7.764456003480241,1.0
311.0,0.0,-0.27730617020380205,0.6911658371343813,0.6911658371343813,0.13180714441351077,22.516069752950685,-2.5716155081925948e-17,19.484723539011966,8.192636579754534,1.0
312.0,0.0,-0.2731064890225702,0.6941334087656391,0.6941334087656391,0.13019471961472157,22.615503510293447,1.0721818527210897e-16,19.757995698925207,8.624017383968269,1.0
313.0,0.0,-0.2690360926298665,0.697057790547751,0.697057790547751,0.12863193239319906,22.716325046741048,8.114842995727768e-17,20.032425047132307,9.05861560978564,1.0
314.0,0.0,-0.2650890807901807,0.6999397258491584,0.6999397258491584,0.1271165174136369,22.818540236015462,-1.1420768325161144e-17,20.308015383008026,9.496449021900315,1.0
315.0,0.0,-0.2612599028365317,0.7027799465186638,0.7027799465186639,0.12564634355400367,22.9221549718802,1.7333188879309437e-16,20.5847708137415,9.937535933347451,1.0
316.0,0.0,-0.2575433326092872,0.7055791728218466,0.7055791728218467,0.12421940428355815,23.027175169655504,2.381548821256179e-17,20.86269573668806,10.381895183526613,1.0
317.0,0.0,-0.25393444484370375,0.7083381137701013,0.7083381137701014,0.12283380859708584,23.13360676764441,1.1007461883463288e-16,21.14179483326879,10.829546134327956,1.0
318.0,0.0,-0.250428596667369,0.7110574656126193,0.7110574656126194,0.12148777391103045,23.241455728477984,-6.820062087721679e-16,21.422073008942853,11.280508579249311,1.0
319.0,0.0,-0.2470214042482255,0.7137379141153496,0.7137379141153495,0.1201796170977406,23.35072804037667,5.327411700222115e-16,21.70353544449545,11.734802830722753,1.0
320.0,0.0,-0.24370872768521837,0.716380133046296,0.7163801330462962,0.11890774868438789,23.461429718339698,-2.470329177636528e-16,21.986187536142584,12.192449628772383,1.0
321.0,0.0,-0.24048665390568014,0.718984784609232,0.7189847846092321,0.11767066628659215,23.573566805256082,-2.4559621377613386e-16,22.270034892948793,12.653470141161403,1.0
322.0,0.0,-0.2373514815465184,0.7215525195021202,0.7215525195021202,0.11646694880370738,23.68714537295163,7.963571024822908e-17,22.55508332346345,13.117885945931615,1.0
323.0,0.0,-0.23429970700947017,0.7240839769899274,0.7240839769899274,0.11529525106487885,23.80217152316613,-1.1468908609979604e-16,22.84133882300868,13.585719014673039,1.0
324.0,0.0,-0.23132801158716312,0.7265797849903644,0.7265797849903644,0.11415429888622541,23.91865138846855,-8.681315617388557e-18,23.128807561603637,14.056991696513851,1.0
325.0,0.0,-0.22843324956700514,0.7290405601712115,0.7290405601712115,0.11304288450344914,24.03659113311494,6.641304179600806e-17,23.417495872501025,14.531726702808804,1.0
326.0,0.0,-0.22561243722870875,0.7314669080579576,0.7314669080579576,0.11195986234754692,24.155996953845477,-6.114976045619255e-17,23.707410241310292,15.009947092509133,1.0
327.0,0.0,-0.22286274265930084,0.7338594231505872,0.7338594231505872,0.11090414513438719,24.27687508063191,-1.8164695541902897e-17,23.998557295687366,15.491676258190203,1.0
328.0,0.0,-0.22018147631681642,0.7362186890484222,0.7362186890484222,0.10987470024173641,24.399231777371593,1.036510382122427e-16,24.290943795565347,15.976937912718274,1.0
329.0,0.0,-0.21756608228004828,0.7385452785820247,0.7385452785820247,0.10887054634968943,24.523073342534385,7.801936342264463e-17,24.584576623903725,16.465756076531772,1.0
330.0,0.0,-0.21501413012792278,0.740839753951215,0.740839753951215,0.10789075032283871,24.64840610976411,-1.1189250427983385e-17,24.879462777933327,16.95815506551586,1.0
331.0,0.0,-0.212523307396625,0.7431026668683772,0.7431026668683772,0.10693442431426432,24.77523644843573,5.422399307197e-17,25.175609360873143,17.454159479446542,1.0
332.0,0.0,-0.21009141256824035,0.7453345587062403,0.7453345587062403,0.1060007230735943,24.903570764172922,2.3973084031434966e-17,25.473023574099653,17.95379419098384,1.0
333.0,0.0,-0.207716348547774,0.7475359606494401,0.7475359606494402,0.1050888414425728,25.033415499326527,-1.482006504619334e-16,25.771712709744524,18.457084335188885,1.0
334.0,0.0,-0.20539611659016446,0.7497073938491893,0.7497073938491888,0.10419801202339878,25.164777133416234,3.1461368939652084e-16,26.071684143701845,18.964055299545887,1.0
335.0,0.0,-0.203128810641806,0.7518493695804558,0.7518493695804558,0.10332750300621114,25.297662183538705,-1.5835218245496354e-16,26.3729453290245,19.474732714465688,1.0
336.0,0.0,-0.2009126120643399,0.7539623894011127,0.7539623894011127,0.10247661614334229,25.43207720474227,-1.8114881421384425e-17,26.67550378968978,19.98914244425061,1.0
337.0,0.0,-0.1987457847112711,0.75604694531254,0.75604694531254,0.10164468485903509,25.568028790371038,-8.424412007694982e-17,26.979367114716105,20.507310578500025,1.0
338.0,0.0,-0.19662667033048614,0.7581035199212514,0.7581035199212514,0.10083107248428662,25.705523572381225,8.813750575565433e-18,27.284542952614125,21.029263423937493,1.0
339.0,0.0,-0.19455368426810837,0.7601325866011108,0.7601325866011108,0.10003517060738702,25.844568221628215,-1.0605679409438986e-17,27.59103900615288,21.555027496639788,1.0
340.0,0.0,-0.19252531145104618,0.7621346096557873,0.7621346096557874,0.09925639753145993,25.9851694481302,5.983627674603802e-18,27.89886302742717,22.084629514649087,1.0
341.0,0.0,-0.19054010262767906,0.7641100444810994,0.764110044481099,0.09849419683111214,26.12733400130405,1.7300823022349435e-16,28.208022813207542,22.618096390951415,1.0
342.0,0.0,-0.18859667084763923,0.7660593377269539,0.766059337726954,0.09774803600088165,26.271068670183013,2.5683462726427076e-17,28.518526200562846,23.15545522680423,1.0
343.0,0.0,-0.18669368816338752,0.767982927458615,0.7679829274586149,0.09701740518884132,26.416380283608603,-1.1432031003728403e-16,28.83038106273534,23.69673330539571,1.0
344.0,0.0,-0.18482988253754967,0.7698812433170439,0.7698812433170443,0.09630181600920214,26.563275710404852,-1.6518427129517708e-16,29.14359530525899,24.241958085820208,1.0
345.0,0.0,-0.18300403494134496,0.7717547066781162,0.7717547066781162,0.09560080042828448,26.71176185953224,2.0405040523030897e-18,29.458176862307372,24.79115719735745,1.0
346.0,0.0,-0.18121497663058947,0.7736037308104978,0.7736037308104978,0.09491390971866734,26.861845680224693,5.762551966264221e-17,29.7741336932568,25.344358434034934,1.0
347.0,0.0,-0.1794615865868229,0.7754287210320444,0.7754287210320444,0.09424071347673497,27.013534162107433,-7.062774429276211e-17,30.091473779455782,25.901589749467874,1.0
348.0,0.0,-0.1777427891121631,0.7772300748645417,0.7772300748645417,0.09358079869924588,27.166834335302745,7.303054777467626e-17,30.41020512118876,26.46287925195559,1.0
349.0,0.0,-0.1760575515672059,0.7790081821866709,0.7790081821866709,0.09293376891482243,27.321753270516624,-1.7006042948028854e-18,30.730335734822575,27.028255199827868,1.0
