T,mu,omega,n,susceptibility,converged,phi,Phi1,Phi2
150.0,300.0,100.00000000000001,1.0,-0.012969387909099366,1.0,-3.8671442195793286,0.02165536388195351,0.05885164004245393
150.0,300.0,101.00000000000001,1.0,-0.01278102871400302,1.0,-3.8668919341118673,0.021696913727508853,0.05891617097508059
150.0,300.0,102.00000000000001,1.0,-0.012591401009450416,1.0,-3.866636392621125,0.021738923342265404,0.058981362817419544
150.0,300.0,103.00000000000001,1.0,-0.012400488288016646,1.0,-3.86637758765322,0.021781393954258665,0.05904721605735499
150.0,300.0,104.00000000000001,1.0,-0.012208273683384039,1.0,-3.866115495511135,0.02182432704145146,0.05911373135249287
150.0,300.0,105.00000000000001,1.0,-0.012014740192403775,1.0,-3.8658500921825354,0.021867724098762344,0.05918090936582664
150.0,300.0,106.00000000000001,1.0,-0.011819870673523731,1.0,-3.865581353340022,0.02191158663810549,0.059248750765655056
150.0,300.0,107.0,1.0,-0.011623647844753848,1.0,-3.8653092543376166,0.021955916188475075,0.05931725622557249
150.0,300.0,108.0,1.0,-0.011426054282015466,1.0,-3.865033770209113,0.022000714296016334,0.05938642642441977
150.0,300.0,109.0,1.0,-0.011227072417389981,1.0,-3.8647548756646177,0.022045982524112287,0.059456262046270726
150.0,300.0,110.0,1.0,-0.011026684537242875,1.0,-3.8644725450884514,0.022091722453456364,0.05952676378038753
150.0,300.0,111.0,1.0,-0.010824872780257292,1.0,-3.864186752536208,0.02213793568213525,0.05959793232119529
150.0,300.0,112.0,1.0,-0.01062161913592184,1.0,-3.8638974717319945,0.022184623825710424,0.05966976836825052
150.0,300.0,113.0,1.0,-0.010416905442407337,1.0,-3.863604676065823,0.022231788517299168,0.059742272626205316
150.0,300.0,114.0,1.0,-0.010210713384791972,1.0,-3.863308338590388,0.022279431407658253,0.05981544580478088
150.0,300.0,115.0,1.0,-0.010003024493289768,1.0,-3.8630084320190488,0.02232755416526116,0.05988928861872024
150.0,300.0,116.0,1.0,-0.009793820141183717,1.0,-3.8627049287218127,0.022376158476393456,0.05996380178777375
150.0,300.0,117.0,1.0,-0.0095830815431424,1.0,-3.862397800723408,0.022425246045225437,0.06003898603664792
150.0,300.0,118.0,1.0,-0.009370789753163352,1.0,-3.8620870197000583,0.022474818593903392,0.06011484209497365
150.0,300.0,119.00000000000003,1.0,-0.009156925662760397,1.0,-3.8617725569763373,0.022524877862634615,0.06019137069727481
150.0,300.0,120.00000000000003,1.0,-0.00894146999893367,1.0,-3.861454383522106,0.022575425609775757,0.06026857258293225
150.0,300.0,121.00000000000001,1.0,-0.008724403322358397,1.0,-3.861132469949922,0.022626463611916104,0.06034644849613938
150.0,300.0,122.00000000000001,1.0,-0.008505706025343344,1.0,-3.8608067865112226,0.022677993663973873,0.06042499918587698
150.0,300.0,123.00000000000001,1.0,-0.008285358329943817,1.0,-3.86047730309412,0.022730017579274973,0.060504225405859514
150.0,300.0,124.00000000000001,1.0,-0.008063340285894654,1.0,-3.8601439892193166,0.022782537189652206,0.060584127914513265
150.0,300.0,125.00000000000001,1.0,-0.00783963176875632,1.0,-3.859806814037814,0.02283555434552928,0.06066470747492193
150.0,300.0,126.00000000000001,1.0,-0.0076142124777834755,1.0,-3.85946574632681,0.022889070916018037,0.060745964854800494
150.0,300.0,127.00000000000001,1.0,-0.007387061934046454,1.0,-3.8591207544871544,0.0229430887890061,0.06082790082644537
150.0,300.0,128.00000000000003,1.0,-0.007158159478308711,1.0,-3.858771806539437,0.022997609871254408,0.06091051616670203
150.0,300.0,129.00000000000003,1.0,-0.006927484269033081,1.0,-3.8584188701212163,0.023052636088486976,0.06099381165691432
150.0,300.0,130.00000000000003,1.0,-0.0066950152803730975,1.0,-3.8580619124832087,0.023108169385489343,0.061077788082892416
150.0,300.0,131.00000000000003,1.0,-0.00646073130001612,1.0,-3.8577009004859795,0.023164211726203386,0.0611624462348644
150.0,300.0,132.00000000000003,1.0,-0.006224610927222001,1.0,-3.857335800596622,0.023220765093822315,0.061247786907434654
150.0,300.0,133.00000000000003,1.0,-0.0059866325706876425,1.0,-3.856966578884937,0.023277831490891562,0.06133381089954481
150.0,300.0,134.0,1.0,-0.005746774446463905,1.0,-3.8565932010203654,0.02333541293940311,0.061420519014421415
150.0,300.0,135.0,1.0,-0.005505014575720198,1.0,-3.8562156322679755,0.023393511480897772,0.061507912059538296
150.0,300.0,136.0,1.0,-0.005261330782871513,1.0,-3.8558338374847256,0.023452129176567197,0.06159599084657391
150.0,300.0,137.0,1.0,-0.005015700693149226,1.0,-3.855447781116264,0.023511268107350755,0.06168475619135946
150.0,300.0,138.0,1.0,-0.004768101730678189,1.0,-3.8550574271930005,0.02357093037403941,0.06177420891383375
150.0,300.0,139.0,1.0,-0.004518511116153768,1.0,-3.8546627393262134,0.023631118097379555,0.06186434983799856
150.0,300.0,140.0,1.0,-0.004266905864701788,1.0,-3.854263680704252,0.023691833418177814,0.061955179791874274
150.0,300.0,141.0,1.0,-0.004013262783720455,1.0,-3.853860214088799,0.023753078497404448,0.06204669960744826
150.0,300.0,142.0,1.0,-0.003757558470589547,1.0,-3.8534523018110067,0.023814855516299,0.06213891012062372
150.0,300.0,143.0,1.0,-0.003499769310484045,1.0,-3.8530399057673343,0.023877166676479808,0.06223181217117838
150.0,300.0,144.0,1.0,-0.0032398714740365254,1.0,-3.8526229874157556,0.02394001420004884,0.062325406602710756
150.0,300.0,145.0,1.0,-0.0029778409152258264,1.0,-3.8522015077714267,0.024003400329706086,0.06241969426259139
150.0,300.0,146.0,1.0,-0.0027136533689002982,1.0,-3.8517754274030063,0.02406732732885196,0.06251467600190952
150.0,300.0,147.0,1.0,-0.0024472843486698613,1.0,-3.8513447064281228,0.024131797481705738,0.06261035267542688
150.0,300.0,148.0,1.0,-0.0021787091444457115,1.0,-3.8509093045095866,0.024196813093410686,0.06270672514151696
150.0,300.0,149.0,1.0,-0.001907902820127315,1.0,-3.850469180850426,0.024262376490157167,0.06280379426212761
150.0,300.0,150.0,1.0,-0.0016348402112408749,1.0,-3.8500242941905216,0.02432849001928544,0.06290156090271093
150.0,300.0,151.0,1.0,-0.0013594959226538865,1.0,-3.8495746028014635,0.024395156049409682,0.06300002593218326
150.0,300.0,152.0,1.0,-0.001081844326029514,1.0,-3.849120064482588,0.02446237697053045,0.06309919022286166
150.0,300.0,153.0,1.0,-0.0008018595575447905,1.0,-3.848660636556332,0.024530155194153032,0.06319905465041548
150.0,300.0,154.0,1.0,-0.0005195155153644994,1.0,-3.848196275863783,0.024598493153407078,0.06329962009380553
150.0,300.0,155.0,1.0,-0.00023478585727073893,1.0,-3.8477269387600366,0.024667393303165166,0.06340088743523327
150.0,300.0,156.0,1.0,5.235600193349864e-5,1.0,-3.847252581109704,0.024736858120163782,0.06350285756007741
150.0,300.0,157.0,1.0,0.00034193689276300717,1.0,-3.8467731582819704,0.02480689010312748,0.06360553135684484
150.0,300.0,158.0,1.0,0.0006339838937183265,1.0,-3.8462886251462884,0.02487749177288745,0.06370890971710054
150.0,300.0,159.0,1.0,0.0009285243336973582,1.0,-3.8457989360668865,0.024948665672512624,0.0638129935354243
150.0,300.0,160.0,1.0,0.0012255857946270902,1.0,-3.8453040448988967,0.02502041436742565,0.06391778370933095
150.0,300.0,161.0,1.0,0.0015251961140282397,1.0,-3.844803904982208,0.025092740445541967,0.06402328113923422
150.0,300.0,162.0,1.0,0.001827383387658225,1.0,-3.8442984691375717,0.02516564651738601,0.0641294867283636
150.0,300.0,163.0,1.0,0.002132175971995616,1.0,-3.843787689661016,0.025239135216226113,0.0642364013827132
150.0,300.0,164.0,1.0,0.0024396024870345597,1.0,-3.843271518318664,0.02531320919820523,0.06434402601098096
150.0,300.0,165.0,1.0,0.0027496918189851122,1.0,-3.8427499063419175,0.025387871142468772,0.06445236152449899
150.0,300.0,166.0,1.0,0.0030624731227539637,1.0,-3.8422228044219877,0.025463123751299055,0.06456140883717222
150.0,300.0,167.0,1.0,0.0033779758248984617,1.0,-3.8416901627046065,0.025538969750250117,0.06467116886541505
150.0,300.0,168.0,1.0,0.0036962320302150807,1.0,-3.8411518472650186,0.02561541313003441,0.06478164349101043
150.0,300.0,169.0,1.0,0.004017266983490479,1.0,-3.840607972378309,0.02569245420722265,0.06489283173007461
150.0,300.0,170.0,1.0,0.004341113273793869,1.0,-3.84005840476753,0.02577009699277665,0.06500473544875532
150.0,300.0,171.0,1.0,0.004667801441483046,1.0,-3.839503092341517,0.02584834430670721,0.06511735557284086
150.0,300.0,172.0,1.0,0.004997362312577258,1.0,-3.838941982436261,0.025927198992982653,0.06523069303028858
150.0,300.0,173.0,1.0,0.0053298270013335605,1.0,-3.8383750218086097,0.02600666391967495,0.06534474875116533
150.0,300.0,174.0,1.0,0.005665226913366913,1.0,-3.83780215663134,0.026086741979092814,0.06545952366756214
150.0,300.0,175.0,1.0,0.006003593748478898,1.0,-3.8372233324864977,0.026167436087934703,0.06557501871353652
150.0,300.0,176.0,1.0,0.0063449595035197075,1.0,-3.8366384943605527,0.02624874918742129,0.06569123482502036
150.0,300.0,177.0,1.0,0.006689356475478996,1.0,-3.8360475866368793,0.02633068424345858,0.06580817293977277
150.0,300.0,178.0,1.0,0.007036817264456019,1.0,-3.835450553091195,0.026413244246768393,0.06592583399728145
150.0,300.0,179.0,1.0,0.007387374776626773,1.0,-3.8348473368842635,0.026496432213049557,0.06604421893870692
150.0,300.0,180.0,1.0,0.0077410622273921485,1.0,-3.8342378805565183,0.026580251183119085,0.06616332870678748
150.0,300.0,181.0,1.0,0.008097913144367861,1.0,-3.8336221260210888,0.026664704223070088,0.0662831642457805
150.0,300.0,182.0,1.0,0.00845796137055312,1.0,-3.833000014557889,0.026749794424419583,0.06640372650136919
150.0,300.0,183.0,1.0,0.008821241067386439,1.0,-3.8323714868068612,0.026835524904264326,0.06652501642059463
150.0,300.0,184.0,1.0,0.009187786718072096,1.0,-3.8317364827616753,0.02692189880543493,0.06664703495176764
150.0,300.0,185.0,1.0,0.009557633130643927,1.0,-3.8310949417630438,0.02700891929665258,0.0667697830443883
150.0,300.0,186.0,1.0,0.009930815441162406,1.0,-3.830446802491806,0.027096589572687447,0.06689326164907058
150.0,300.0,187.0,1.0,0.010307369117113652,1.0,-3.829792002962374,0.027184912854517396,0.06701747171745262
150.0,300.0,188.0,1.0,0.010687329960575899,1.0,-3.829130480515727,0.0272738923894882,0.0671424142021156
150.0,300.0,189.0,1.0,0.011070734111582922,1.0,-3.8284621718126663,0.027363531451473556,0.06726809005649405
150.0,300.0,190.0,1.0,0.011457618051488056,1.0,-3.827787012826692,0.027453833341038656,0.06739450023478999
150.0,300.0,191.0,1.0,0.011848018606335107,1.0,-3.82710493883644,0.027544801385610097,0.06752164569189704
150.0,300.0,192.0,1.0,0.01224197295021817,1.0,-3.826415884419184,0.02763643893963208,0.06764952738329227
150.0,300.0,193.0,1.0,0.012639518608854634,1.0,-3.8257197834431067,0.0277287493847401,0.06777814626495877
150.0,300.0,194.0,1.0,0.013040693462921108,1.0,-3.825016569060132,0.02782173612992467,0.06790750329328953
150.0,300.0,195.0,1.0,0.013445535751640513,1.0,-3.8243061736979627,0.02791540261170834,0.06803759942500236
150.0,300.0,196.0,1.0,0.013854084076365234,1.0,-3.82358852905324,0.02800975229430675,0.06816843561703392
150.0,300.0,197.00000000000003,1.0,0.01426637740411791,1.0,-3.8228635660833348,0.02810478866980896,0.0683000128264534
150.0,300.0,198.00000000000003,1.0,0.014682455071204819,1.0,-3.8221312149983855,0.028200515258351596,0.06843233201037158
150.0,300.0,199.00000000000003,1.0,0.01510235678683778,1.0,-3.821391405254244,0.028296935608287218,0.06856539412582915
150.0,300.0,199.99999999999997,1.0,0.015526122636970294,1.0,-3.820644065543908,0.028394053296364755,0.06869920012970615
150.0,300.0,201.00000000000003,1.0,0.015953793087855172,1.0,-3.8198891237895873,0.028491871927909262,0.06883375097862222
150.0,300.0,201.99999999999997,1.0,0.016385408989892995,1.0,-3.819126507134622,0.028590395136998386,0.06896904762883346
150.0,300.0,203.00000000000003,1.0,0.01682101158146841,1.0,-3.818356141935177,0.028689626586644718,0.06910509103613025
150.0,300.0,203.99999999999997,1.0,0.017260642492725107,1.0,-3.8175779537517727,0.028789569968978218,0.06924188215573401
150.0,300.0,205.00000000000003,1.0,0.017704343749498988,1.0,-3.816791867341186,0.02889022900542698,0.06937942194218812
150.0,300.0,205.99999999999997,1.0,0.018152157777156414,1.0,-3.815997806647507,0.028991607446905293,0.06951771134925333
150.0,300.0,207.00000000000003,1.0,0.018604127404731323,1.0,-3.8151956947934793,0.029093709074000846,0.0696567513298027
150.0,300.0,208.00000000000003,1.0,0.019060295868783207,1.0,-3.81438545407227,0.02919653769715485,0.06979654283569937
150.0,300.0,209.00000000000003,1.0,0.01952070681743266,1.0,-3.813567005937824,0.02930009715686187,0.06993708681769953
150.0,300.0,210.00000000000003,1.0,0.019985404314584815,1.0,-3.81274027099633,0.029404391323853064,0.07007838422532918
150.0,300.0,211.00000000000003,1.0,0.020454432843879773,1.0,-3.811905168997314,0.02950942409928594,0.07022043600676997
150.0,300.0,212.00000000000003,1.0,0.020927837313046822,1.0,-3.811061618823771,0.029615199414947085,0.07036324310874979
150.0,300.0,213.0,1.0,0.021405663058009863,1.0,-3.8102095384833423,0.029721721233438584,0.0705068064764149
150.0,300.0,214.0,1.0,0.021887955847093958,1.0,-3.8093488450988877,0.029828993548374427,0.07065112705321516
150.0,300.0,215.0,1.0,0.02237476188552086,1.0,-3.808479454898763,0.02993702038457985,0.07079620578077936
150.0,300.0,216.0,1.0,0.022866127819523255,1.0,-3.807601283206987,0.030045805798291473,0.07094204359879841
150.0,300.0,217.0,1.0,0.02336210074087043,1.0,-3.80671424443436,0.030155353877346237,0.07108864144487956
150.0,300.0,218.0,1.0,0.023862728191303896,1.0,-3.805818252066996,0.030265668741401283,0.07123600025445294
150.0,300.0,219.0,1.0,0.024368058166955787,1.0,-3.8049132186576924,0.030376754542119345,0.07138412096060995
150.0,300.0,220.0,1.0,0.024878139122818506,1.0,-3.803999055815244,0.03048861546337785,0.0715330044939878
150.0,300.0,221.0,1.0,0.025393019977449346,1.0,-3.8030756741942255,0.030601255721474006,0.07168265178263131
150.0,300.0,222.0,1.0,0.025912750117445045,1.0,-3.802142983484414,0.030714679565331745,0.07183306375186485
150.0,300.0,223.0,1.0,0.02643737940211224,1.0,-3.801200892400806,0.03082889127670277,0.07198424132414101
150.0,300.0,224.0,1.0,0.026966958168155263,1.0,-3.8002493086722793,0.030943895170383155,0.0721361854189157
150.0,300.0,225.0,1.0,0.027501537234374377,1.0,-3.7992881390314985,0.031059695594412958,0.07228889695249818
150.0,300.0,226.0,1.0,0.02804116790648927,1.0,-3.798317289203416,0.031176296930295087,0.07244237683791037
150.0,300.0,227.0,1.0,0.028585901981841785,1.0,-3.797336663894847,0.031293703593197664,0.0725966259847377
150.0,300.0,228.0,1.0,0.029135791754254396,1.0,-3.7963461667830587,0.031411920032169645,0.07275164529898187
150.0,300.0,229.0,1.0,0.029690890018965122,1.0,-3.7953457005039986,0.03153095073036074,0.07290743568292077
150.0,300.0,230.0,1.0,0.030251250077409326,1.0,-3.794335166641787,0.031650800205221936,0.07306399803494011
150.0,300.0,231.0,1.0,0.03081692574223424,1.0,-3.793314465716764,0.03177147300872624,0.07322133324938702
150.0,300.0,232.0,1.0,0.031387971342241666,1.0,-3.7922834971733423,0.03189297372759093,0.0733794422164185
150.0,300.0,233.0,1.0,0.03196444172736549,1.0,-3.791242159368885,0.0320153069834838,0.07353832582183141
150.0,300.0,234.0,1.0,0.03254639227363345,1.0,-3.7901903495616405,0.03213847743324114,0.07369798494690685
150.0,300.0,235.0,1.0,0.03313387888840394,1.0,-3.7891279638980007,0.032262489769096334,0.07385842046825625
150.0,300.0,236.0,1.0,0.03372695801519037,1.0,-3.7880548974012225,0.032387348718883935,0.07401963325763485
150.0,300.0,237.0,1.0,0.03432568663889085,1.0,-3.78697104395829,0.032513059046269575,0.07418162418179447
150.0,300.0,238.0,1.0,0.03493012229089089,1.0,-3.7858762963077464,0.03263962555096629,0.0743443941023057
150.0,300.0,239.0,1.0,0.035540323054168516,1.0,-3.7847705460271412,0.03276705306895279,0.07450794387538055
150.0,300.0,240.0,1.0,0.036156347568439745,1.0,-3.7836536835195727,0.03289534647270539,0.07467227435171632
150.0,300.0,241.0,1.0,0.03677825503536148,1.0,-3.782525598001732,0.033024510671405126,0.07483738637629617
150.0,300.0,242.0,1.0,0.03740610522375321,1.0,-3.7813861774900355,0.03315455061117249,0.07500328078823126
150.0,300.0,243.0,1.0,0.038039958474612265,1.0,-3.7802353087875242,0.03328547127528834,0.07516995842057397
150.0,300.0,244.0,1.0,0.03867987570660676,1.0,-3.7790728774705675,0.03341727768441873,0.07533742010013567
150.0,300.0,245.0,1.0,0.039325918421076106,1.0,-3.7778987678753544,0.0335499748968369,0.07550566664730089
150.0,300.0,246.0,1.0,0.039978148707380895,1.0,-3.776712863084,0.03368356800865374,0.07567469887585188
150.0,300.0,247.0,1.0,0.040636629248125083,1.0,-3.775515044910701,0.033818062154044766,0.0758445175927728
150.0,300.0,248.0,1.0,0.0413014233244861,1.0,-3.7743051938878414,0.033953462505475145,0.07601512359806271
150.0,300.0,249.0,1.0,0.04197259482138844,1.0,-3.773083189251795,0.03408977427392777,0.07618651768454368
150.0,300.0,250.00000000000003,1.0,0.042650208232923544,1.0,-3.771848908928177,0.034227002709140496,0.07635870063768199
150.0,300.0,251.0,1.0,0.043334328667501934,1.0,-3.7706022295178725,0.034365153099827274,0.07653167323537496
150.0,300.0,252.00000000000003,1.0,0.04402502185336337,1.0,-3.76934302628166,0.034504230773919425,0.07670543624777819
150.0,300.0,253.0,1.0,0.04472235414374004,1.0,-3.7680711731264167,0.03464424109878434,0.07687999043708052
150.0,300.0,254.00000000000003,1.0,0.04542639252232179,1.0,-3.7667865425887452,0.034785189481476325,0.07705533655733698
150.0,300.0,255.0,1.0,0.04613720460860579,1.0,-3.7654890058206787,0.03492708136895989,0.07723147535425101
150.0,300.0,256.00000000000006,1.0,0.04685485866313915,1.0,-3.7641784325742598,0.03506992224834423,0.0774084075649741
150.0,300.0,257.0,1.0,0.04757942359315328,1.0,-3.7628546911850917,0.03521371764713513,0.07758613391792026
150.0,300.0,258.00000000000006,1.0,0.04831096895780458,1.0,-3.761517648557677,0.03535847313345494,0.07776465513254106
150.0,300.0,259.0,1.0,0.04904956497370313,1.0,-3.760167170148789,0.03550419431629249,0.07794397191913939
150.0,300.0,260.00000000000006,1.0,0.04979528252027488,1.0,-3.7588031199512284,0.03565088684574751,0.07812408497865836
150.0,300.0,261.0,1.0,0.05054819314537202,1.0,-3.757425360478336,0.03579855641325676,0.07830499500246503
150.0,300.0,262.00000000000006,1.0,0.05130836907071525,1.0,-3.7560337527463292,0.035947208751857564,0.07848670267216201
150.0,300.0,263.0,1.0,0.052075883197368375,1.0,-3.754628156258238,0.03609684963641911,0.07866920865936657
150.0,300.0,264.00000000000006,1.0,0.05285080911143073,1.0,-3.753208428986909,0.036247484883892914,0.07885251362550263
150.0,300.0,265.0,1.0,0.05363322108954636,1.0,-3.751774427357504,0.03639912035356448,0.07903661822159867
150.0,300.0,266.00000000000006,1.0,0.05442319410448421,1.0,-3.7503260062303796,0.03655176194729842,0.07922152308806907
150.0,300.0,267.0,1.0,0.05522080383087084,1.0,-3.748863018883953,0.036705415609782736,0.07940722885449525
150.0,300.0,268.0,1.0,0.056026126650876466,1.0,-3.7473853169957154,0.03686008732879987,0.07959373613943953
150.0,300.0,269.0,1.0,0.056839239659857425,1.0,-3.745892750625559,0.0370157831354591,0.07978104555019937
150.0,300.0,270.0,1.0,0.05766022067218356,1.0,-3.7443851681963607,0.03717250910447006,0.07996915768262337
150.0,300.0,271.0,1.0,0.058489148227000395,1.0,-3.742862416476651,0.03733027135438287,0.08015807312087045
150.0,300.0,272.0,1.0,0.05932610159410073,1.0,-3.741324340560703,0.03748907604786483,0.08034779243721886
150.0,300.0,273.0,1.0,0.06017116077974125,1.0,-3.739770783850707,0.03764892939194193,0.08053831619183241
150.0,300.0,274.0,1.0,0.061024406532695585,1.0,-3.7382015880364845,0.03780983763828015,0.08072964493256149
150.0,300.0,275.0,1.0,0.061885920350010074,1.0,-3.7366165930771604,0.037971807083430606,0.08092177919471025
150.0,300.0,276.0,1.0,0.06275578448325045,1.0,-3.735015637180721,0.03813484406910594,0.0811147195008323
150.0,300.0,277.0,1.0,0.06363408194439246,1.0,-3.73339855678407,0.03829895498244873,0.08130846636051653
150.0,300.0,278.0,1.0,0.06452089651208638,1.0,-3.7317651865334494,0.03846414625628885,0.0815030202701574
150.0,300.0,279.0,1.0,0.06541631273765458,1.0,-3.7301153592632987,0.03863042436942544,0.08169838171275484
150.0,300.0,280.0,1.0,0.06632041595140153,1.0,-3.7284489059760357,0.038797795846891574,0.08189455115768116
150.0,300.0,281.0,1.0,0.0672332922689809,1.0,-3.726765655820645,0.038966267260232904,0.08209152906048207
150.0,300.0,282.0,1.0,0.06815502859761274,1.0,-3.7250654360716378,0.0391358452277813,0.08228931586264956
150.0,300.0,283.0,1.0,0.06908571264252675,1.0,-3.723348072107462,0.03930653641493108,0.08248791199141171
150.0,300.0,284.0,1.0,0.07002543291336634,1.0,-3.7216133873886577,0.03947834753441956,0.08268731785951458
150.0,300.0,285.0,1.0,0.07097427873086612,1.0,-3.7198612034355127,0.039651285346612115,0.08288753386501031
150.0,300.0,286.0,1.0,0.07193234023328933,1.0,-3.718091339806033,0.03982535665977626,0.08308856039104202
150.0,300.0,287.0,1.0,0.07289970838321777,1.0,-3.716303614072775,0.04000056833037626,0.08329039780562951
150.0,300.0,288.0,1.0,0.07387647497420247,1.0,-3.7144978418002994,0.04017692726334892,0.08349304646145461
150.0,300.0,289.0,1.0,0.07486273263764052,1.0,-3.712673836520877,0.040354440412410646,0.0836965066956662
150.0,300.0,290.0,1.0,0.07585857484969093,1.0,-3.7108314097118615,0.040533114780330566,0.0839007788296447
150.0,300.0,290.99999999999994,1.0,0.076864095938184,1.0,-3.7089703707711794,0.0407129574192287,0.0841058631688074
150.0,300.0,292.0,1.0,0.07787939108976803,1.0,-3.7070905269928462,0.04089397543087586,0.08431176000239912
150.0,300.0,293.0,1.0,0.0789045563570083,1.0,-3.705191683542482,0.041076175966989106,0.0845184696032868
150.0,300.0,294.0,1.0,0.07993968866568008,1.0,-3.703273643432105,0.04125956622953116,0.08472599222774645
150.0,300.0,295.0,1.0,0.08098488582209037,1.0,-3.7013362074949865,0.04144415347100877,0.08493432811526833
150.0,300.0,296.0,1.0,0.08204024652059651,1.0,-3.699379174359611,0.04162994499478284,0.08514347748834912
150.0,300.0,297.0,1.0,0.08310587035103649,1.0,-3.697402340423753,0.041816948155371056,0.0853534405522879
150.0,300.0,298.0,1.0,0.08418185780646935,1.0,-3.695405499827748,0.04200517035875921,0.08556421749499864
150.0,300.0,298.99999999999994,1.0,0.0852683102909771,1.0,-3.69338844442804,0.042194619062708986,0.08577580848679754
150.0,300.0,300.0,1.0,0.08636533012751113,1.0,-3.691350963769068,0.04238530177708218,0.08598821368022506
150.0,300.0,300.99999999999994,1.0,0.0874730205659431,1.0,-3.6892928450565514,0.0425772260641442,0.08620143320983552
150.0,300.0,302.0,1.0,0.08859148579111645,1.0,-3.687213873128727,0.042770399538892,0.08641546719202019
150.0,300.0,302.99999999999994,1.0,0.08972083093133362,1.0,-3.6851138304280058,0.042964829869377656,0.0866303157248046
150.0,300.0,304.0,1.0,0.09086116206649461,1.0,-3.6829924969719867,0.04316052477703086,0.08684597888767887
150.0,300.0,304.99999999999994,1.0,0.09201258623690954,1.0,-3.6808496503243764,0.04335749203698422,0.08706245674139342
150.0,300.0,306.0,1.0,0.0931752114518157,1.0,-3.678685065564633,0.04355573947841234,0.08727974932779362
150.0,300.0,306.99999999999994,1.0,0.09434914669829657,1.0,-3.6764985152581375,0.043755274984859954,0.08749785666962659
150.0,300.0,308.0,1.0,0.09553450195041957,1.0,-3.6742897694251044,0.04395610649458403,0.08771677877037647
150.0,300.0,308.99999999999994,1.0,0.09673138817821611,1.0,-3.6720585955096703,0.044158242000892696,0.08793651561407505
150.0,300.0,310.0,1.0,0.09793991735720506,1.0,-3.669804758347749,0.04436168955249378,0.08815706716514617
150.0,300.0,310.99999999999994,1.0,0.09916020247778505,1.0,-3.667528020135246,0.04456645725383824,0.08837843336821821
150.0,300.0,312.0,1.0,0.10039235755519783,1.0,-3.6652281403947997,0.04477255326547982,0.08860061414797739
150.0,300.0,312.99999999999994,1.0,0.10163649763910354,1.0,-3.6629048759433815,0.04497998580441653,0.08882360940897502
150.0,300.0,314.0,1.0,0.10289273882401347,1.0,-3.660557980857378,0.045188763144472135,0.08904741903549603
150.0,300.0,315.00000000000006,1.0,0.10416119825942731,1.0,-3.658187206439153,0.04539889361664065,0.08927204289137927
150.0,300.0,316.0,1.0,0.10544199416042412,1.0,-3.6557923011816698,0.045610385609465835,0.08949748081986975
150.0,300.0,317.00000000000006,1.0,0.10673524581846139,1.0,-3.6533730107334,0.04582324756940501,0.08972373264345554
150.0,300.0,318.0,1.0,0.10804107361234311,1.0,-3.6509290778615786,0.046037488001218436,0.0899507981637329
150.0,300.0,319.00000000000006,1.0,0.1093595990194518,1.0,-3.6484602424160593,0.04625311546834006,0.09017867716124574
150.0,300.0,320.0,1.0,0.11069094462726574,1.0,-3.64596624129201,0.04647013859326529,0.09040736939534032
150.0,300.0,321.00000000000006,1.0,0.11203523414509722,1.0,-3.6434468083920177,0.04668856605793747,0.09063687460401873
150.0,300.0,322.0,1.0,0.1133925924160897,1.0,-3.640901674586998,0.04690840660415566,0.09086719250381527
150.0,300.0,323.00000000000006,1.0,0.11476314542956567,1.0,-3.638330567677737,0.04712966903395797,0.09109832278963607
150.0,300.0,324.0,1.0,0.11614702033362097,1.0,-3.6357332123539727,0.04735236221004434,0.09133026513464518
150.0,300.0,325.00000000000006,1.0,0.11754434544795801,1.0,-3.633109330154876,0.047576495056166665,0.09156301919011366
150.0,300.0,326.0,1.0,0.11895525027715105,1.0,-3.6304586394271015,0.04780207655755279,0.09179658458529702
150.0,300.0,327.00000000000006,1.0,0.12037986552419666,1.0,-3.627780855282474,0.0480291157613318,0.09203096092731235
150.0,300.0,328.0,1.0,0.12181832310435656,1.0,-3.625075689555682,0.04825762177694547,0.0922661478010051
150.0,300.0,329.00000000000006,1.0,0.12327075615933737,1.0,-3.622342850760557,0.04848760377658383,0.09250214476882494
150.0,300.0,330.0,1.0,0.12473729907198686,1.0,-3.6195820440453237,0.04871907099561918,0.09273895137071303
150.0,300.0,331.00000000000006,1.0,0.12621808748107924,1.0,-3.616792971147824,0.04895203273304241,0.09297656712397571
150.0,300.0,332.0,1.0,0.12771325829685176,1.0,-3.6139753303492927,0.04918649835190414,0.09321499152316787
150.0,300.0,333.00000000000006,1.0,0.12922294971660556,1.0,-3.611128816427431,0.049422477279765786,0.09345422403997937
150.0,300.0,334.0,1.0,0.13074730124090647,1.0,-3.60825312060844,0.0496599790091542,0.09369426412312648
150.0,300.0,335.00000000000006,1.0,0.132286453690199,1.0,-3.605347930518887,0.049899013098005596,0.09393511119822708
150.0,300.0,336.0,1.0,0.13384054922170618,1.0,-3.602412930135611,0.050139589170136695,0.0941767646676999
150.0,300.0,337.00000000000006,1.0,0.13540973134703085,1.0,-3.5994477997354077,0.050381716915701244,0.09441922391065342
150.0,300.0,338.0,1.0,0.13699414495001533,1.0,-3.59645221584335,0.05062540609166056,0.09466248828277474
150.0,300.0,339.00000000000006,1.0,0.13859393630517386,1.0,-3.5934258511803474,0.05087066652225303,0.09490655711622668
150.0,300.0,340.0,1.0,0.1402092530964736,1.0,-3.590368374609893,0.05111750809945731,0.09515142971953268
150.0,300.0,341.00000000000006,1.0,0.14184024443690135,1.0,-3.587279451083075,0.05136594078347826,0.09539710537747507
150.0,300.0,342.0,1.0,0.14348706088824342,1.0,-3.5841587415832765,0.0516159746032103,0.09564358335099096
150.0,300.0,343.00000000000006,1.0,0.14514985448153764,1.0,-3.581005903069027,0.051867619656728516,0.09589086287706348
150.0,300.0,344.0,1.0,0.14682877873794783,1.0,-3.5778205884169823,0.052120886111743446,0.09613894316860559
150.0,300.0,345.00000000000006,1.0,0.1485239886904566,1.0,-3.574602446361517,0.0523757842061076,0.09638782341437882
150.0,300.0,346.0,1.0,0.15023564090568028,1.0,-3.5713511214361007,0.0526323242482615,0.09663750277885362
150.0,300.0,347.0,1.0,0.15196389350652417,1.0,-3.5680662539110184,0.05289051661772267,0.09688798040211671
150.0,300.0,348.0,1.0,0.1537089061954027,1.0,-3.5647474797310106,0.05315037176555249,0.09713925539976356
150.0,300.0,349.0,1.0,0.15547084027798147,1.0,-3.5613944304509553,0.0534119002148349,0.09739132686278469
150.0,300.0,350.0,1.0,0.15724985868732924,1.0,-3.5580067331716205,0.053675112561118926,0.09764419385744183
150.0,300.0,351.0,1.0,0.15904612600892187,1.0,-3.554584010472561,0.05394001947289061,0.09789785542516226
150.0,300.0,352.0,1.0,0.1608598085061205,1.0,-3.5511258803442285,0.054206631692025956,0.0981523105824242
150.0,300.0,353.0,1.0,0.16269107414611328,1.0,-3.54763195611892,0.054474960034231495,0.09840755832063335
150.0,300.0,354.0,1.0,0.16454009262663608,1.0,-3.544101846400554,0.054745015389470617,0.09866359760599147
150.0,300.0,355.0,1.0,0.16640703540317078,1.0,-3.5405351549917627,0.055016808722408085,0.09892042737939348
150.0,300.0,356.0,1.0,0.1682920757166531,1.0,-3.536931480821255,0.055290351072804035,0.09917804655627697
150.0,300.0,357.0,1.0,0.17019538862192418,1.0,-3.533290417868541,0.055565653555920906,0.09943645402649934
150.0,300.0,358.0,1.0,0.17211715101668207,1.0,-3.529611555086605,0.055842727362924886,0.09969564865422116
150.0,300.0,359.0,1.0,0.17405754167090043,1.0,-3.5258944763251567,0.05612158376123096,0.09995562927774113
150.0,300.0,360.0,1.0,0.17601674125698574,1.0,-3.5221387602497756,0.05640223409487598,0.10021639470938248
150.0,300.0,361.0,1.0,0.1779949323802837,1.0,-3.5183439802612604,0.05668468978484264,0.10047794373532969
150.0,300.0,362.0,1.0,0.17999229961034047,1.0,-3.5145097044119904,0.05696896232938237,0.1007402751155057
150.0,300.0,363.0,1.0,0.18200902951247755,1.0,-3.510635495322106,0.05725506330429,0.10100338758340158
150.0,300.0,364.0,1.0,0.18404531068008606,1.0,-3.5067209100917593,0.05754300436319752,0.10126727984595307
150.0,300.0,365.0,1.0,0.18610133376713509,1.0,-3.5027655002142266,0.05783279723778368,0.1015319505833644
150.0,300.0,366.0,1.0,0.18817729152152404,1.0,-3.4987688114851556,0.0581244537380063,0.10179739844896692
150.0,300.0,367.0,1.0,0.19027337881850903,1.0,-3.494730383910723,0.05841798575227693,0.10206362206906346
150.0,300.0,368.0,1.0,0.19238979269490783,1.0,-3.4906497516139003,0.058713405247616084,0.10233062004277317
150.0,300.0,369.0,1.0,0.19452673238350104,1.0,-3.4865264427391276,0.05901072426975501,0.10259839094187027
150.0,300.0,369.99999999999994,1.0,0.1966843993479839,1.0,-3.4823599793540208,0.059309954943233115,0.10286693331063844
150.0,300.0,371.0,1.0,0.1988629973179942,1.0,-3.4781498773506843,0.059611109471412585,0.10313624566569823
150.0,300.0,371.99999999999994,1.0,0.20106273232505836,1.0,-3.4738956463426938,0.05991420013650811,0.10340632649588159
150.0,300.0,373.0,1.0,0.20328381273820526,1.0,-3.469596789562553,0.06021923929951537,0.10367717426205281
150.0,300.0,373.99999999999994,1.0,0.20552644930030478,1.0,-3.4652528037552903,0.06052623940012891,0.10394878739698046
150.0,300.0,375.0,1.0,0.20779085516465604,1.0,-3.4608631790699924,0.06083521295661303,0.10422116430519295
150.0,300.0,375.99999999999994,1.0,0.21007724593144497,1.0,-3.456427398950391,0.0611461725655957,0.10449430336282965
150.0,300.0,377.0,1.0,0.2123858396850128,1.0,-3.451944940021422,0.06145913090183981,0.10476820291753218
150.0,300.0,377.99999999999994,1.0,0.21471685703081042,1.0,-3.447415271974563,0.06177410071794439,0.10504286128830934
150.0,300.0,379.0,1.0,0.21707052113268943,1.0,-3.4428378574506495,0.06209109484398739,0.10531827676543419
150.0,300.0,379.99999999999994,1.0,0.2194470577502786,1.0,-3.43821215192062,0.062410126187098514,0.1055944476103268
150.0,300.0,381.0,1.0,0.22184669527673798,1.0,-3.43353760356198,0.06273120773101176,0.10587137205549517
150.0,300.0,381.99999999999994,1.0,0.2242696647759856,1.0,-3.428813653135279,0.06305435253549528,0.10614904830444172
150.0,300.0,383.0,1.0,0.22671620002053003,1.0,-3.424039733856458,0.06337957373574422,0.10642747453160879
150.0,300.0,383.99999999999994,1.0,0.22918653752916193,1.0,-3.419215271265978,0.06370688454172256,0.10670664888235304
150.0,300.0,385.0,1.0,0.2316809166043502,1.0,-3.414339683097212,0.06403629823737829,0.10698656947290813
150.0,300.0,385.99999999999994,1.0,0.23419957937009092,1.0,-3.409412379139687,0.064367828179845,0.10726723439040554
150.0,300.0,387.0,1.0,0.23674277080909553,1.0,-3.40443276110167,0.06470148779850612,0.10754864169288288
150.0,300.0,387.99999999999994,1.0,0.2393107388005115,1.0,-3.3994002224673023,0.06503729059404183,0.1078307894093625
150.0,300.0,389.0,1.0,0.24190373415698066,1.0,-3.3943141483536836,0.06537525013732275,0.10811367553989407
150.0,300.0,389.99999999999994,1.0,0.2445220106619673,1.0,-3.389173915361462,0.06571538006829483,0.10839729805571015
150.0,300.0,391.0,1.0,0.24716582510659643,1.0,-3.383978891425511,0.066057694094699,0.10868165489932854
150.0,300.0,391.99999999999994,1.0,0.24983543732654662,1.0,-3.3787284356596317,0.06640220599076209,0.10896674398475285
150.0,300.0,393.0,1.0,0.2525311102387103,1.0,-3.3734218981991955,0.06674892959576574,0.10925256319768396
150.0,300.0,393.99999999999994,1.0,0.25525310987749444,1.0,-3.368058620040337,0.0670978788125135,0.10953911039576467
150.0,300.0,395.0,1.0,0.25800170543099793,1.0,-3.3626379328748754,0.06744906760571757,0.10982638340888096
150.0,300.0,395.99999999999994,1.0,0.2607771692771352,1.0,-3.3571591589213106,0.0678025100002863,0.110114380039507
150.0,300.0,397.0,1.0,0.26357977701899615,1.0,-3.351621610754307,0.06815822007945532,0.11040309806306205
150.0,300.0,397.99999999999994,1.0,0.2664098075205845,1.0,-3.3460245911260333,0.06851621198290535,0.1106925352283777
150.0,300.0,399.0,1.0,0.2692675429417422,1.0,-3.340367392787595,0.06887649990467501,0.11098268925815283
150.0,300.0,400.00000000000006,1.0,0.27215326877326007,1.0,-3.3346492983033817,0.06923909809102805,0.1112735578495047
150.0,300.0,401.0,1.0,0.2750672738712361,1.0,-3.328869579863527,0.06960402083814152,0.11156513867453516
150.0,300.0,402.00000000000006,1.0,0.27800985049170246,1.0,-3.323027499088758,0.06997128248975325,0.11185742938100829
150.0,300.0,403.0,1.0,0.280981294324497,1.0,-3.3171223068340208,0.07034089743459934,0.11215042759301733
150.0,300.0,404.00000000000006,1.0,0.2839819045271946,1.0,-3.311153242984805,0.07071288010379023,0.11244413091177682
150.0,300.0,405.0,1.0,0.2870119837585031,1.0,-3.305119536250286,0.07108724496800717,0.11273853691642115
150.0,300.0,406.00000000000006,1.0,0.2900718382117897,1.0,-3.299020403949671,0.07146400653461074,0.1130336431649154
150.0,300.0,407.0,1.0,0.2931617776478795,1.0,-3.292855051795342,0.07184317934455889,0.11332944719498836
150.0,300.0,408.00000000000006,1.0,0.2962821154279583,1.0,-3.2866226736692155,0.07222477796920945,0.11362594652515577
150.0,300.0,409.0,1.0,0.29943316854612545,1.0,-3.2803224513935767,0.07260881700697783,0.11392313865580846
150.0,300.0,410.00000000000006,1.0,0.3026152576615533,1.0,-3.273953554497688,0.0729953110798027,0.11422102107034801
150.0,300.0,411.0,1.0,0.30582870713074317,1.0,-3.2675151399763553,0.07338427482949796,0.11451959123642284
150.0,300.0,412.00000000000006,1.0,0.3090738450394403,1.0,-3.261006352043804,0.0737757229139102,0.11481884660721306
150.0,300.0,413.0,1.0,0.31235100323403364,1.0,-3.254426321881759,0.07416967000288864,0.11511878462276898
150.0,300.0,414.00000000000006,1.0,0.31566051735326395,1.0,-3.247774167380085,0.07456613077410622,0.11541940271145114
150.0,300.0,415.0,1.0,0.31900272685921016,1.0,-3.24104899287111,0.07496511990867406,0.11572069829141514
150.0,300.0,416.00000000000006,1.0,0.32237797506865123,1.0,-3.2342498888575086,0.0753666520865617,0.11602266877217379
150.0,300.0,417.0,1.0,0.32578660918358776,1.0,-3.227375931733462,0.07577074198180904,0.116325311556217
150.0,300.0,418.00000000000006,1.0,0.3292289803218993,1.0,-3.220426183498444,0.07617740425751869,0.11662862404069499
150.0,300.0,419.0,1.0,0.3327054435479195,1.0,-3.2133996914631817,0.07658665356065324,0.11693260361918507
150.0,300.0,420.00000000000006,1.0,0.3362163579023934,1.0,-3.2062954879495327,0.07699850451655538,0.11723724768348744
150.0,300.0,421.0,1.0,0.33976208643227995,1.0,-3.1991125899823247,0.07741297172323197,0.1175425536254947
150.0,300.0,422.00000000000006,1.0,0.343342996220432,1.0,-3.191849998972574,0.07783006974540926,0.11784851883911883
150.0,300.0,423.0,1.0,0.3469594584149377,1.0,-3.1845067003940386,0.07824981310827414,0.11815514072226051
150.0,300.0,424.00000000000006,1.0,0.3506118482576967,1.0,-3.177081663451408,0.07867221629094873,0.11846241667882773
150.0,300.0,425.0,1.0,0.3543005451130435,1.0,-3.1695738407404144,0.07909729371965528,0.11877034412079208
150.0,300.0,426.0,1.0,0.3580259324954654,1.0,-3.161982167900421,0.07952505976054827,0.11907892047027518
150.0,300.0,427.0,1.0,0.3617883980971997,1.0,-3.154305563256711,0.07995552871225863,0.11938814316168597
150.0,300.0,428.0,1.0,0.36558833381466443,1.0,-3.146542927457468,0.0803887147980043,0.11969800964385592
150.0,300.0,429.0,1.0,0.36942613577439104,1.0,-3.138693143100028,0.08082463215738861,0.12000851738219134
150.0,300.0,430.0,1.0,0.3733022043579577,1.0,-3.1307550743506414,0.08126329483774801,0.12031966386083884
150.0,300.0,431.0,1.0,0.3772169442260179,1.0,-3.122727566554255,0.08170471678511708,0.12063144658484448
150.0,300.0,432.0,1.0,0.38117076434080543,1.0,-3.114609445837356,0.08214891183472008,0.12094386308229266
150.0,300.0,433.0,1.0,0.38516407798762214,1.0,-3.10639951870235,0.08259589370098247,0.1212569109064213
150.0,300.0,434.0,1.0,0.3891973027943886,1.0,-3.098096571613917,0.08304567596705101,0.1215705876376902
150.0,300.0,435.0,1.0,0.39327086074957746,1.0,-3.089699370577844,0.08349827207375886,0.12188489088581071
150.0,300.0,436.0,1.0,0.39738517821787905,1.0,-3.081206660712796,0.08395369530801873,0.12219981829167738
150.0,300.0,437.0,1.0,0.4015406859535085,1.0,-3.072617165814276,0.08441195879062045,0.12251536752923924
150.0,300.0,438.0,1.0,0.4057378191108248,1.0,-3.063929587912591,0.08487307546336577,0.1228315363072525
150.0,300.0,439.0,1.0,0.4099770172518464,1.0,-3.0551426068241954,0.08533705807552351,0.12314832237091503
150.0,300.0,440.0,1.0,0.41425872434997085,1.0,-3.04625487969877,0.08580391916952625,0.12346572350332762
150.0,300.0,441.0,1.0,0.4185833887900255,1.0,-3.037265040560309,0.08627367106590562,0.12378373752681406
150.0,300.0,442.0,1.0,0.42295146336367234,1.0,-3.02817169984479,0.08674632584738168,0.12410236230402802
150.0,300.0,443.0,1.0,0.42736340525972677,1.0,-3.018973443934944,0.08722189534207124,0.12442159573882605
150.0,300.0,444.0,1.0,0.4318196760487539,1.0,-3.0096688346937257,0.08770039110571684,0.1247414357768918
150.0,300.0,445.0,1.0,0.43632074166125134,1.0,-3.0002564089967225,0.08818182440293265,0.1250618804060641
150.0,300.0,446.0,1.0,0.44086707235890676,1.0,-2.990734678265755,0.08866620618735715,0.125382927656339
150.0,300.0,447.0,1.0,0.44545914269746195,1.0,-2.9811021280057255,0.08915354708063852,0.12570457559949447
150.0,300.0,448.0,1.0,0.45009743148086817,1.0,-2.9713572173460086,0.08964385735019487,0.12602682234831433
150.0,300.0,448.99999999999994,1.0,0.4547824217055289,1.0,-2.961498378588128,0.09013714688566474,0.12634966605534975
150.0,300.0,450.0,1.0,0.45951460049340626,1.0,-2.9515240167634804,0.09063342517394322,0.12667310491117548
150.0,300.0,450.99999999999994,1.0,0.4642944590125832,1.0,-2.941432509203759,0.09113270127269686,0.126997137142068
150.0,300.0,452.0,1.0,0.46912249238462617,1.0,-2.931222205125599,0.09163498378230095,0.12732176100708567
150.0,300.0,452.99999999999994,1.0,0.4739991995765477,1.0,-2.920891425233971,0.09214028081606623,0.1276469747944585
150.0,300.0,454.0,1.0,0.47892508327598926,1.0,-2.910438461349226,0.09264859996861381,0.12797277681721264
150.0,300.0,454.99999999999994,1.0,0.48390064974780805,1.0,-2.899861576061498,0.09315994828228563,0.12829916540797107
150.0,300.0,456.0,1.0,0.4889264086704886,1.0,-2.8891590024159597,0.0936743322115005,0.12862613891285882
150.0,300.0,456.99999999999994,1.0,0.4940028729497935,1.0,-2.8783289436356663,0.09419175758487697,0.12895369568441187
150.0,300.0,458.0,1.0,0.4991305585073343,1.0,-2.867369572889749,0.09471222956493075,0.12928183407339047
150.0,300.0,458.99999999999994,1.0,0.5043099840422459,1.0,-2.856279033109791,0.09523575260529124,0.129610552419418
150.0,300.0,460.0,1.0,0.5095416707619617,1.0,-2.8450554368657532,0.09576233040515506,0.12993984904032385
150.0,300.0,460.99999999999994,1.0,0.51482614208073,1.0,-2.8336968663066497,0.09629196586088715,0.13026972222009034
150.0,300.0,462.0,1.0,0.520163923280845,1.0,-2.822201373178035,0.09682466101449981,0.1306001701952539
150.0,300.0,462.99999999999994,1.0,0.5255555411346879,1.0,-2.810566978923817,0.0973604169988723,0.1309311911396617
150.0,300.0,464.0,1.0,0.5310015234825237,1.0,-2.7987916748861674,0.09789923397943052,0.1312627831474065
150.0,300.0,464.99999999999994,1.0,0.5365023987627374,1.0,-2.7868734226128584,0.09844111109213667,0.13159494421384263
150.0,300.0,466.0,1.0,0.5420586954893449,1.0,-2.774810154289829,0.09898604637744482,0.1319276722144404
150.0,300.0,466.99999999999994,1.0,0.5476709416722123,1.0,-2.7625997733104306,0.0995340367100638,0.13226096488138814
150.0,300.0,468.0,1.0,0.5533396641750229,1.0,-2.750240154999191,0.10008507772421484,0.13259481977771226
150.0,300.0,468.99999999999994,1.0,0.5590653880047001,1.0,-2.737729147509029,0.10063916373410504,0.13292923426873177
150.0,300.0,470.0,1.0,0.5648486355263945,1.0,-2.7250645729112435,0.10119628764931773,0.13326420549063805
150.0,300.0,470.99999999999994,1.0,0.5706899255978056,1.0,-2.7122442284988635,0.10175644088486907,0.13359973031600275
150.0,300.0,472.0,1.0,0.5765897726150688,1.0,-2.699265888331322,0.10231961326549921,0.1339358053159196
150.0,300.0,472.99999999999994,1.0,0.5825486854633244,1.0,-2.686127305040234,0.10288579292402897,0.13427242671864595
150.0,300.0,474.0,1.0,0.5885671663631151,1.0,-2.6728262119322705,0.1034549661932591,0.13460959036435433
150.0,300.0,474.99999999999994,1.0,0.5946457096047678,1.0,-2.6593603254129414,0.10402711749126126,0.13494729165584915
150.0,300.0,476.0,1.0,0.6007848001608449,1.0,-2.6457273477702627,0.10460222919954619,0.13528552550489012
150.0,300.0,476.99999999999994,1.0,0.6069849121670655,1.0,-2.6319249703525456,0.10518028153384555,0.13562428627386272
150.0,300.0,478.0,1.0,0.6132465072617944,1.0,-2.6179508771795,0.10576125240713333,0.13596356771250256
150.0,300.0,478.99999999999994,1.0,0.6195700327724988,1.0,-2.603802749030144,0.10634511728454403,0.13630336288935582
150.0,300.0,480.0,1.0,0.6259559197381938,1.0,-2.5894782680542847,0.10693184902980081,0.13664366411765694
150.0,300.0,480.99999999999994,1.0,0.6324045807557975,1.0,-2.5749751229536195,0.10752141774292515,0.1369844628753448
150.0,300.0,482.0,1.0,0.6389164076379418,1.0,-2.560291014789429,0.10811379058881326,0.13732574971884584
150.0,300.0,482.99999999999994,1.0,0.6454917688695515,1.0,-2.5454236634694407,0.10870893161649724,0.13766751419037576
150.0,300.0,484.0,1.0,0.6521310068504833,1.0,-2.530370814973321,0.10930680156886294,0.13800974471842306
150.0,300.0,485.00000000000006,1.0,0.658834434909729,1.0,-2.515130249384269,0.10990735768253819,0.1383524285111143
150.0,300.0,486.0,1.0,0.6656023340792693,1.0,-2.4996997897864563,0.11051055347799625,0.13869555144225085
150.0,300.0,487.00000000000006,1.0,0.6724349496140075,1.0,-2.484077312099872,0.11111633853976756,0.13903909792974284
150.0,300.0,488.0,1.0,0.6793324872441908,1.0,-2.4682607559264023,0.1117246582868025,0.13938305080623728
150.0,300.0,489.00000000000006,1.0,0.6862951091496433,1.0,-2.4522481364740703,0.11233545373329532,0.13972739118187114
150.0,300.0,490.0,1.0,0.6933229296430364,1.0,-2.4360375576409212,0.11294866124016828,0.1400720982989721
150.0,300.0,491.00000000000006,1.0,0.7004160105534736,1.0,-2.419627226327877,0.11356421225783345,0.14041714937879193
150.0,300.0,492.0,1.0,0.707574356302468,1.0,-2.403015468055186,0.1141820330609179,0.14076251946035948
150.0,300.0,493.00000000000006,1.0,0.7147979086653252,1.0,-2.3862007439571333,0.11480204447582096,0.14110818123162594
150.0,300.0,494.0,1.0,0.7220865412167845,1.0,-2.369181669217424,0.11542416160239946,0.141454104853321
150.0,300.0,495.00000000000006,1.0,0.7294400534605515,1.0,-2.351957033009864,0.11604829353120838,0.1418002577759835
150.0,300.0,496.0,1.0,0.7368581646487249,1.0,-2.334525819995016,0.11667434305816553,0.14214660455090716
150.0,300.0,497.00000000000006,1.0,0.7443405073009076,1.0,-2.316887233414813,0.11730220639883407,0.14249310663588072
150.0,300.0,498.0,1.0,0.7518866204405655,1.0,-2.299040719808916,0.11793177290500782,0.14283972219693022
150.0,300.0,499.00000000000006,1.0,0.7594959425717162,1.0,-2.280985995362874,0.118562924786618,0.14318640590744336
150.0,300.0,500.0,1.0,0.7671678044283591,1.0,-2.2627230738715367,0.11919553684260513,0.14353310874643588
150.0,300.0,501.00000000000006,1.0,0.774901421538045,1.0,-2.244252296275204,0.11982947620484852,0.14387977779801542
150.0,300.0,502.0,1.0,0.7826958866529521,1.0,-2.2255743616882557,0.12046460209994357,0.14422635605451498
150.0,300.0,503.00000000000006,1.0,0.7905501621099136,1.0,-2.206690359816827,0.12110076563390207,0.14457278222600473
150.0,300.0,504.0,1.0,0.7984630721992247,1.0,-2.1876018045929615,0.12173780960592566,0.14491899055954635
150.0,300.0,505.0,1.0,0.8064332956298282,1.0,-2.1683106688329707,0.12237556835743396,0.14526491067167951
150.0,300.0,506.0,1.0,0.8144593581976144,1.0,-2.1488194196474115,0.1230138676635612,0.14561046739828526
150.0,300.0,507.0,1.0,0.8225396257772892,1.0,-2.1291310542786563,0.12365252467467312,0.1459555806662979
150.0,300.0,508.0,1.0,0.8306722977713973,1.0,-2.1092491359849115,0.12429134791575407,0.14630016539204532
150.0,300.0,509.0,1.0,0.8388554011691374,1.0,-2.0891778295037424,0.12493013735214509,0.1466441314115063
150.0,300.0,510.0,1.0,0.8470867853774718,1.0,-2.068921935569483,0.12556868453009387,0.14698738344786508
150.0,300.0,511.0,1.0,0.8553641180026532,1.0,-2.0484869238830776,0.1262067728006223,0.14732982112209977
150.0,300.0,512.0,1.0,0.863684881769579,1.0,-2.027878963858955,0.12684417763512992,0.14767133901229398
150.0,300.0,513.0,1.0,0.8720463727716399,1.0,-2.0071049524197906,0.12748066704045402,0.1480118267673289
150.0,300.0,514.0,1.0,0.8804457002500173,1.0,-1.9861725380390427,0.12811600208056975,0.14835116928040076
150.0,300.0,515.0,1.0,0.8888797880954382,1.0,-1.9650901402031222,0.12874993751077504,0.14868924692728405
150.0,300.0,516.0,1.0,0.8973453782603923,1.0,-1.9438669634231964,0.12938222252890716,0.14902593587370172
150.0,300.0,517.0,1.0,0.905839036250704,1.0,-1.922513004936814,0.1300126016460535,0.14936110845512052
150.0,300.0,518.0,1.0,0.9143571588466514,1.0,-1.9010390552415812,0.13064081567720806,0.14969463363127647
150.0,300.0,519.0,1.0,0.9228959841685357,1.0,-1.8794566906669885,0.13126660284949496,0.1500263775161926
150.0,300.0,520.0,1.0,0.9314516041658073,1.0,-1.857778257259952,0.13188970002281503,0.15035620398291674
150.0,300.0,521.0,1.0,0.9400199795581337,1.0,-1.8360168453835668,0.13250984401445132,0.15068397534025968
150.0,300.0,522.0,1.0,0.9485969572047538,1.0,-1.8141862545724439,0.13312677301592063,0.1510095530768718
150.0,300.0,523.0,1.0,0.9571782898160605,1.0,-1.7923009483752885,0.13374022808694563,0.15133279866582278
150.0,300.0,524.0,1.0,0.9657596578564229,1.0,-1.7703759991315193,0.1343499547080786,0.15165357442077557
150.0,300.0,525.0,1.0,0.9743366934205212,1.0,-1.7484270228698016,0.13495570437048907,0.15197174439265396
150.0,300.0,526.0,1.0,0.9829050057997697,1.0,-1.7264701047663882,0.1355572361788955,0.1522871752939849
150.0,300.0,527.0,1.0,0.9914602083900551,1.0,-1.704521715887945,0.13615431844127665,0.15259973743620053
150.0,300.0,528.0000000000001,1.0,0.9999979465392469,1.0,-1.682598622188185,0.13674673021795206,0.1529093056641603
150.0,300.0,529.0,1.0,1.0085139258853009,1.0,-1.6607177869910266,0.13733426280188407,0.15321576027114264
150.0,300.0,530.0000000000001,1.0,1.0170039407025113,1.0,-1.6388962684150656,0.1379167211025194,0.15351898787734258
150.0,300.0,531.0,1.0,1.0254639017553184,1.0,-1.6171511133787095,0.13849392490682874,0.15381888225518245
150.0,300.0,532.0000000000001,1.0,1.0338898631570452,1.0,-1.5954992499678868,0.13906570999345874,0.15411534508552663
150.0,300.0,533.0,1.0,1.0422780477480609,1.0,-1.5739573800173678,0.1396319290792014,0.15440828663045628
150.0,300.0,534.0,1.0,1.050624870536091,1.0,-1.5525418737976449,0.1401924525807004,0.15469762631002074
150.0,300.0,535.0,1.0,1.0589269597961337,1.0,-1.5312686686252326,0.1407471691791478,0.15498329317299117
150.0,300.0,536.0,1.0,1.0671811754818044,1.0,-1.5101531731401872,0.14129598618032843,0.15526522625417086
150.0,300.0,537.0,1.0,1.0753846246801102,1.0,-1.4892101787998449,0.14183882966782294,0.15554337481392147
150.0,300.0,538.0,1.0,1.0835346739155571,1.0,-1.4684537799515827,0.14237564445196796,0.1558176984584981
150.0,300.0,539.0,1.0,1.0916289581985672,1.0,-1.447897303575291,0.14290639382224202,0.15608816714282628
150.0,300.0,540.0,1.0,1.0996653867925932,1.0,-1.427553249528815,0.14343105911490064,0.15635476106006543
150.0,300.0,541.0,1.0,1.1076421457579706,1.0,-1.4074332418252213,0.14394963911160052,0.1566174704249264
150.0,300.0,542.0,1.0,1.115557697402341,1.0,-1.3875479911882227,0.14446214928772724,0.15687629515977206
150.0,300.0,543.0,1.0,1.1234107768316108,1.0,-1.367907268856209,0.14496862093133375,0.1571312444942227
150.0,300.0,544.0,1.0,1.131200385848364,1.0,-1.348519891348561,0.14546910015503656,0.15738233649026012
150.0,300.0,545.0,1.0,1.1389257844867027,1.0,-1.329393715678914,0.1459636468238712,0.15762959750556976
150.0,300.0,546.0,1.0,1.1465864804976922,1.0,-1.3105356443226448,0.14645233342183006,0.15787306160810793
150.0,300.0,547.0,1.0,1.1541822171191087,1.0,-1.2919516390821584,0.1469352438792123,0.15811276995484486
150.0,300.0,548.0,1.0,1.1617129594636815,1.0,-1.2736467429020748,0.14741247238131802,0.1583487701470568
150.0,300.0,549.0,1.0,1.1691788798572103,1.0,-1.2556251086011485,0.14788412217752256,0.1585811155738297
150.0,300.0,550.0,1.0,1.1765803424416663,1.0,-1.2378900334682346,0.1483503044074416,0.15880986475437378
150.0,300.0,551.0,1.0,1.1839178873375271,1.0,-1.2204439986669349,0.1488111369587617,0.1590350806885676
150.0,300.0,552.0,1.0,1.1911922146337208,1.0,-1.2032887124169396,0.1492667433689328,0.15925683022389558
150.0,300.0,553.0,1.0,1.1984041684425173,1.0,-1.1864251559828294,0.14971725178052747,0.1594751834456186
150.0,300.0,554.0,1.0,1.2055547212257074,1.0,-1.1698536315626644,0.1501627939578292,0.15969021309565776
150.0,300.0,555.0,1.0,1.2126449585665358,1.0,-1.1535738112519365,0.15060350437013345,0.1599019940245212
150.0,300.0,556.0,1.0,1.2196760645286546,1.0,-1.1375847863519153,0.15103951934526583,0.16011060267931604
150.0,300.0,557.0,1.0,1.2266493077149463,1.0,-1.1218851163820243,0.15147097629509965,0.16031611662992687
150.0,300.0,558.0,1.0,1.2335660281097465,1.0,-1.1064728772497672,0.1518980130134415,0.16051861413439567
150.0,300.0,559.0,1.0,1.2404276247632042,1.0,-1.0913457081231421,0.1523207670453465,0.16071817374384612
150.0,300.0,560.0,1.0,1.2472355443536953,1.0,-1.0765008566401317,0.15273937512587757,0.1609148739464779
150.0,300.0,561.0,1.0,1.2539912706451095,1.0,-1.061935222161202,0.15315397268562853,0.16110879284966978
150.0,300.0,562.0,1.0,1.2606963148382955,1.0,-1.0476453968562565,0.15356469341954315,0.16130000789878152
150.0,300.0,563.0,1.0,1.2673522068032865,1.0,-1.033627704469847,0.15397166891528433,0.16148859563084225
150.0,300.0,564.0,1.0,1.2739604871674453,1.0,-1.0198782366708776,0.15437502833703567,0.16167463146114017
150.0,300.0,565.0,1.0,1.2805227002253192,1.0,-1.0063928869467949,0.1547748981604218,0.16185818950050238
150.0,300.0,566.0,1.0,1.2870403876309626,1.0,-0.9931673820303472,0.15517140195432222,0.16203934240098913
150.0,300.0,567.0,1.0,1.293515082827401,1.0,-0.9801973108939317,0.15556466020522994,0.1622181612276978
150.0,300.0,568.0,1.0,1.299948306166344,1.0,-0.9674781513675047,0.1559547901800301,0.16239471535434746
150.0,300.0,569.0,1.0,1.3063415606680902,1.0,-0.9550052944582913,0.1563419058231762,0.16256907238041185
150.0,300.0,570.0,1.0,1.3126963283733506,1.0,-0.9427740664672052,0.15672611768448633,0.16274129806762075
150.0,300.0,571.0,1.0,1.3190140672362778,1.0,-0.9307797490118133,0.15710753287394727,0.16291145629375364
150.0,300.0,572.0,1.0,1.3252962085123838,1.0,-0.9190175970680499,0.1574862550402411,0.16307960902178742
150.0,300.0,573.0,1.0,1.3315441545942668,1.0,-0.9074828551513315,0.15786238436989883,0.1632458162825604
150.0,300.0,574.0,1.0,1.3377592772512787,1.0,-0.8961707717628289,0.15823601760424796,0.16341013616927472
150.0,300.0,575.0,1.0,1.343942916231871,1.0,-0.8850766122179301,0.15860724807160897,0.16357262484226934
150.0,300.0,576.0,1.0,1.350096378189675,1.0,-0.8741956699812694,0.15897616573242107,0.16373333654264835
150.0,300.0,577.0,1.0,1.3562209358968182,1.0,-0.8635232766232285,0.15934285723515912,0.16389232361348224
150.0,300.0,578.0,1.0,1.3623178277112074,1.0,-0.8530548105123,0.15970740598123456,0.16404963652738996
150.0,300.0,579.0,1.0,1.3683882572671475,1.0,-0.8427857043501331,0.1600698921971502,0.16420532391947934
150.0,300.0,580.0,1.0,1.3744333933607265,1.0,-0.8327114516524016,0.16043039301248518,0.164359432624684
150.0,300.0,581.0,1.0,1.3804543700048715,1.0,-0.8228276122709339,0.16078898254238475,0.16451200771869576
150.0,300.0,582.0,1.0,1.3864522866303046,1.0,-0.8131298170489726,0.16114573197340745,0.16466309256170708
150.0,300.0,583.0,1.0,1.392428208412059,1.0,-0.803613771692699,0.16150070965176486,0.16481272884436235
150.0,300.0,584.0,1.0,1.3983831667022073,1.0,-0.7942752599376167,0.161853981173073,0.16496095663532043
150.0,300.0,585.0,1.0,1.4043181595521883,1.0,-0.7851101460826077,0.1622056094728926,0.16510781442993547
150.0,300.0,586.0,1.0,1.4102341523099227,1.0,-0.7761143769582238,0.16255565491739912,0.16525333919963298
150.0,300.0,587.0,1.0,1.4161320782777351,1.0,-0.7672839833902588,0.16290417539366975,0.16539756644159972
150.0,300.0,588.0,1.0,1.4220128394201952,1.0,-0.7586150812147389,0.16325122639912926,0.16554053022848236
150.0,300.0,589.0,1.0,1.4278773071104074,1.0,-0.7501038718963882,0.16359686112976551,0.1656822632578138
150.0,300.0,590.0,1.0,1.4337263229065118,1.0,-0.741746642795803,0.16394113056680554,0.16582279690095184
150.0,300.0,591.0,1.0,1.4395606993496415,1.0,-0.7335397671298055,0.16428408356161364,0.16596216125130955
150.0,300.0,592.0,1.0,1.4453812207770498,1.0,-0.7254797036603556,0.16462576691857925,0.16610038517177517
150.0,300.0,593.0,1.0,1.4511886441438306,1.0,-0.7175629961502675,0.16496622547586848,0.16623749634112672
150.0,300.0,594.0,1.0,1.456983699847854,1.0,-0.709786272614653,0.16530550218388385,0.16637352129938854
150.0,300.0,595.0,1.0,1.4627670925544503,1.0,-0.702146244396808,0.16564363818137295,0.1665084854920335
150.0,300.0,596.0,1.0,1.4685395020155236,1.0,-0.6946397050947469,0.16598067286911258,0.16664241331294521
150.0,300.0,597.0,1.0,1.4743015838811189,1.0,-0.687263529360267,0.16631664398112664,0.16677532814614426
150.0,300.0,598.0,1.0,1.4800539705000428,1.0,-0.6800146715908578,0.16665158765343296,0.16690725240619936
150.0,300.0,599.0,1.0,1.485797271707295,1.0,-0.6728901645334916,0.16698553849033068,0.16703820757733473
150.0,300.0,600.0,1.0,1.491532075596877,1.0,-0.6658871178155126,0.16731852962821334,0.16716821425121425
150.0,300.0,601.0,1.0,1.4972589492778874,1.0,-0.6590027164172514,0.16765059279697164,0.16729729216340433
150.0,300.0,602.0,1.0,1.5029784396130033,1.0,-0.6522342190999885,0.16798175837900445,0.16742546022852514
150.0,300.0,603.0,1.0,1.5086910739384405,1.0,-0.6455789567991924,0.16831205546589414,0.16755273657410766
150.0,300.0,604.0,1.0,1.5143973607646553,1.0,-0.6390343309932721,0.1686415119127916,0.16767913857317218
150.0,300.0,605.0,1.0,1.520097790456954,1.0,-0.632597812058691,0.1689701543905726,0.16780468287555414
150.0,300.0,606.0,1.0,1.5257928358964947,1.0,-0.6262669376149853,0.1692980084358553,0.1679293854379971
150.0,300.0,607.0,1.0,1.5314829531203347,1.0,-0.6200393108707853,0.16962509849887658,0.16805326155307068
150.0,300.0,608.0,1.0,1.5371685819416814,1.0,-0.613912598973803,0.16995144798938303,0.16817632587689751
150.0,300.0,609.0,1.0,1.5428501465495044,1.0,-0.6078845313707891,0.1702770793205233,0.16829859245577738
150.0,300.0,610.0,1.0,1.548528056088375,1.0,-0.6019528981821117,0.17060201395087818,0.16842007475170184
150.0,300.0,611.0,1.0,1.554202705217961,1.0,-0.5961155485941353,0.17092627242464806,0.1685407856668123
150.0,300.0,612.0,1.0,1.559874474653412,1.0,-0.5903703892727645,0.1712498744100949,0.1686607375668379
150.0,300.0,613.0,1.0,1.565543731686156,1.0,-0.5847153828008561,0.1715728387363013,0.16877994230355461
150.0,300.0,614.0,1.0,1.5712108306860895,1.0,-0.5791485461425734,0.17189518342829954,0.1688984112362778
150.0,300.0,615.0,1.0,1.5768761135852247,1.0,-0.5736679491344311,0.17221692574066866,0.16901615525245128
150.0,300.0,616.0,1.0,1.5825399103436113,1.0,-0.5682717130068654,0.1725380821896188,0.16913318478736772
150.0,300.0,617.0,1.0,1.5882025393976014,1.0,-0.5629580089365085,0.17285866858367238,0.16924950984300688
150.0,300.0,618.0,1.0,1.5938643080912303,1.0,-0.5577250566294245,0.1731787000529711,0.16936514000611524
150.0,300.0,619.0,1.0,1.5995255130912687,1.0,-0.5525711229373473,0.173498191077273,0.1694800844654619
150.0,300.0,620.0,1.0,1.6051864407861258,1.0,-0.5474945205068826,0.1738171555127059,0.16959435202837483
150.0,300.0,621.0,1.0,1.6108473676696644,1.0,-0.5424936064610087,0.17413560661734034,0.16970795113656081
150.0,300.0,622.0,1.0,1.616508560709724,1.0,-0.5375667811151846,0.174453557075593,0.16982088988122146
150.0,300.0,623.0,1.0,1.6221702777026175,1.0,-0.5327124867252001,0.17477101902156886,0.169933176017545
150.0,300.0,624.0,1.0,1.627832767613464,1.0,-0.5279292062697003,0.17508800406135042,0.17004481697854645
150.0,300.0,625.0,1.0,1.6334962709033782,1.0,-0.5232154622646866,0.17540452329429432,0.17015581988831968
150.0,300.0,626.0,1.0,1.6391610198435473,1.0,-0.5185698156110348,0.17572058733338863,0.17026619157471207
150.0,300.0,627.0,1.0,1.644827238817163,1.0,-0.5139908644740641,0.17603620632469205,0.1703759385814594
150.0,300.0,628.0,1.0,1.6504951446090093,1.0,-0.5094772431954169,0.17635138996592117,0.17048506717978354
150.0,300.0,629.0,1.0,1.6561649466841188,1.0,-0.5050276212352719,0.1766661475242172,0.1705935833795
150.0,300.0,630.0,1.0,1.6618368474547225,1.0,-0.5006407021465242,0.17698048785311493,0.17070149293964934
150.0,300.0,631.0,1.0,1.6675110425371569,1.0,-0.4963152225780995,0.17729441940877558,0.17080880137865834
150.0,300.0,632.0,1.0,1.6731877209983206,1.0,-0.49204995130812307,0.17760795026549878,0.1709155139840811
150.0,300.0,633.0,1.0,1.6788670655922064,1.0,-0.48784368830631775,0.17792108813055577,0.17102163582191096
150.0,300.0,634.0,1.0,1.6845492529874442,1.0,-0.4836952638238918,0.17823384035837378,0.17112717174550782
150.0,300.0,635.0,1.0,1.6902344539853775,1.0,-0.4796035375116792,0.17854621396410067,0.17123212640412805
150.0,300.0,636.0,1.0,1.6959228337296874,1.0,-0.475567397564777,0.17885821563657595,0.1713365042511095
150.0,300.0,637.0,1.0,1.7016145519077646,1.0,-0.4715857598932784,0.17916985175074604,0.17144030955169737
150.0,300.0,638.0,1.0,1.707309762944147,1.0,-0.4676575673186683,0.1794811283795328,0.17154354639054667
150.0,300.0,639.0,1.0,1.7130086161858256,1.0,-0.46378178879505005,0.1797920513052008,0.17164621867890448
150.0,300.0,640.0,1.0,1.7187112560810995,1.0,-0.45995741865402584,0.1801026260302273,0.1717483301614925
150.0,300.0,641.0,1.0,1.7244178223506605,1.0,-0.45618347587363295,0.18041285778770513,0.1718498844231091
150.0,300.0,642.0,1.0,1.7301284501522005,1.0,-0.45245900336945444,0.1807227515513174,0.17195088489493357
150.0,300.0,643.0,1.0,1.7358432702385227,1.0,-0.4487830673081331,0.18103231204486053,0.17205133486060153
150.0,300.0,644.0,1.0,1.741562409109732,1.0,-0.44515475644207286,0.18134154375138953,0.17215123746200225
150.0,300.0,645.0,1.0,1.7472859891589965,1.0,-0.44157318146521934,0.18165045092196494,0.1722505957048432
150.0,300.0,646.0,1.0,1.7530141288129404,1.0,-0.4380374743885173,0.18195903758402948,0.17234941246399121
150.0,300.0,647.0,1.0,1.7587469426667077,1.0,-0.4345467879352739,0.18226730754943818,0.17244769048860487
150.0,300.0,648.0,1.0,1.764484541613354,1.0,-0.43110029495533325,0.18257526442214733,0.17254543240702247
150.0,300.0,649.0,1.0,1.7702270329686054,1.0,-0.4276971878575386,0.18288291160559805,0.1726426407314907
150.0,300.0,650.0,1.0,1.7759745205908501,1.0,-0.42433667805977837,0.18319025230977293,0.1727393178626848
150.0,300.0,651.0,1.0,1.7817271049959953,1.0,-0.421017995456545,0.18349728955797182,0.17283546609404304
150.0,300.0,652.0,1.0,1.7874848834686978,1.0,-0.4177403879028356,0.18380402619331704,0.1729310876159312
150.0,300.0,653.0,1.0,1.7932479501686602,1.0,-0.41450312071435064,0.18411046488497554,0.17302618451965016
150.0,300.0,654.0,1.0,1.7990163962333119,1.0,-0.41130547618300994,0.18441660813413613,0.17312075880126507
150.0,300.0,655.0,1.0,1.804790309876439,1.0,-0.4081467531078231,0.18472245827974976,0.17321481236530212
150.0,300.0,656.0,1.0,1.8105697764829876,1.0,-0.40502626634032934,0.1850280175040165,0.17330834702828876
150.0,300.0,657.0,1.0,1.8163548787005366,1.0,-0.401943346343706,0.1853332878376828,0.1734013645221502
150.0,300.0,658.0,1.0,1.822145696527053,1.0,-0.39889733876623834,0.18563827116509107,0.17349386649749282
150.0,300.0,659.0,1.0,1.827942307395622,1.0,-0.39588760402732964,0.18594296922905937,0.1735858545267406
150.0,300.0,660.0,1.0,1.833744786255853,1.0,-0.39291351691671017,0.1862473836355415,0.17367733010715464
150.0,300.0,661.0,1.0,1.8395532056523587,1.0,-0.3899744662058083,0.18655151585811688,0.17376829466374402
150.0,300.0,662.0,1.0,1.8453676358001743,1.0,-0.3870698542710264,0.18685536724230264,0.1738587495520592
150.0,300.0,663.0,1.0,1.8511881446574594,1.0,-0.3841990967286971,0.18715893900968836,0.17394869606087315
150.0,300.0,664.0,1.0,1.8570147979958636,1.0,-0.38136162208110685,0.18746223226191228,0.1740381354147748
150.0,300.0,665.0,1.0,1.8628476594675851,1.0,-0.3785568713734274,0.18776524798448724,0.1741270687766515
150.0,300.0,666.0,1.0,1.8686867906708207,1.0,-0.3757842978609083,0.18806798705047237,0.17421549725008642
150.0,300.0,667.0,1.0,1.8745322512120246,1.0,-0.3730433666863694,0.1883704502240034,0.17430342188165804
150.0,300.0,668.0,1.0,1.8803840987666496,1.0,-0.3703335545672518,0.18867263816368685,0.17439084366316548
150.0,300.0,669.0,1.0,1.886242389137124,1.0,-0.3676543494923673,0.1889745514258747,0.17447776353375347
150.0,300.0,670.0,1.0,1.8921071763092636,1.0,-0.3650052504274867,0.18927619046779143,0.17456418238198945
150.0,300.0,671.0,1.0,1.8979785125059174,1.0,-0.362385767030103,0.1895775556505659,0.17465010104781648
150.0,300.0,672.0,1.0,1.9038564482396458,1.0,-0.3597954193723047,0.18987864724212944,0.17473552032449283
150.0,300.0,673.0,1.0,1.9097410323627528,1.0,-0.35723373767239264,0.1901794654200219,0.17482044096040975
150.0,300.0,674.0,1.0,1.9156323121158987,1.0,-0.35470026203401434,0.1904800102740791,0.17490486366087535
150.0,300.0,675.0,1.0,1.921530333174979,1.0,-0.35219454219351115,0.1907802818090218,0.17498878908982288
150.0,300.0,676.0,1.0,1.9274351396963325,1.0,-0.3497161372741957,0.1910802799469566,0.17507221787145807
150.0,300.0,677.0,1.0,1.933346774360138,1.0,-0.347264615548417,0.19138000452977705,0.17515515059184764
150.0,300.0,678.0,1.0,1.9392652784128694,1.0,-0.34483955420615997,0.1916794553214699,0.17523758780045365
150.0,300.0,679.0,1.0,1.9451906917075659,1.0,-0.3424405391307591,0.19197863201035756,0.17531953001161416
150.0,300.0,680.0,1.0,1.9511230527433094,1.0,-0.3400671646809325,0.1922775342112351,0.17540097770596494
150.0,300.0,681.0,1.0,1.9570623987029505,1.0,-0.3377190334791893,0.19257616146744222,0.1754819313318259
150.0,300.0,682.0,1.0,1.963008765489724,1.0,-0.3353957562065062,0.1928745132528588,0.17556239130652587
150.0,300.0,683.0,1.0,1.9689621877626802,1.0,-0.33309695140275564,0.19317258897382214,0.17564235801768138
150.0,300.0,684.0,1.0,1.974922698970502,1.0,-0.33082224527299325,0.19347038797098645,0.17572183182444737
150.0,300.0,685.0,1.0,1.9808903313847872,1.0,-0.3285712714993194,0.19376790952110182,0.17580081305870554
150.0,300.0,686.0,1.0,1.9868651161318895,1.0,-0.3263436710579136,0.1940651528387437,0.1758793020262233
150.0,300.0,687.0,1.0,1.9928470832234204,1.0,-0.3241390920416554,0.19436211707796966,0.17595729900777454
150.0,300.0,688.0,1.0,1.9988362615862068,1.0,-0.3219571894872776,0.19465880133392557,0.1760348042602163
150.0,300.0,689.0,1.0,2.0048326790910163,1.0,-0.31979762520804433,0.1949552046443861,0.17611181801753004
150.0,300.0,690.0,1.0,2.010836362580417,1.0,-0.31766006763040183,0.19525132599125397,0.17618834049183715
150.0,300.0,691.0,1.0,2.0168473378954817,1.0,-0.31554419163590297,0.19554716430199434,0.1762643718743723
150.0,300.0,692.0,1.0,2.0228656299018546,1.0,-0.3134496784071037,0.19584271845102438,0.1763399123364232
150.0,300.0,693.0,1.0,2.0288912625150566,1.0,-0.31137621527794074,0.19613798726105836,0.17641496203024656
150.0,300.0,694.0,1.0,2.0349242587246006,1.0,-0.30932349558826083,0.19643296950440592,0.17648952108995322
150.0,300.0,695.0,1.0,2.0409646406174904,1.0,-0.3072912185423144,0.19672766390420804,0.17656358963235638
150.0,300.0,696.0,1.0,2.0470124294011587,1.0,-0.30527908907112883,0.19702206913566536,0.1766371677578075
150.0,300.0,697.0,1.0,2.0530676454253523,1.0,-0.30328681769887944,0.19731618382718902,0.17671025555098674
150.0,300.0,698.0,1.0,2.059130308203469,1.0,-0.3013141204126092,0.19761000656153757,0.17678285308168487
150.0,300.0,699.0,1.0,2.0652004364332734,1.0,-0.29936071853569546,0.1979035358769005,0.176854960405551
